"Index","PTBA.JK.Open","PTBA.JK.High","PTBA.JK.Low","PTBA.JK.Close","PTBA.JK.Volume","PTBA.JK.Adjusted"
"2019-12-23",2650,2660,2580,2610,11993800,1008.57153320312
"2019-12-26",2620,2670,2620,2640,11773200,1020.16430664062
"2019-12-27",2640,2680,2630,2650,10007300,1024.02856445312
"2019-12-30",2650,2700,2640,2660,14763500,1027.89282226562
"2020-01-02",2640,2680,2600,2630,8093400,1016.29998779297
"2020-01-03",2610,2670,2600,2670,13483900,1031.75708007812
"2020-01-06",2650,2740,2630,2730,26770600,1054.94250488281
"2020-01-07",2730,2740,2640,2710,22952100,1047.21423339844
"2020-01-08",2700,2700,2640,2670,15608000,1031.75708007812
"2020-01-09",2670,2690,2650,2670,10703400,1031.75708007812
"2020-01-10",2690,2800,2690,2780,52606300,1074.26391601562
"2020-01-13",2810,2850,2810,2830,44452800,1093.58520507812
"2020-01-14",2850,2870,2780,2790,28139900,1078.12817382812
"2020-01-15",2780,2790,2690,2690,27000700,1039.48559570312
"2020-01-16",2700,2740,2650,2680,23356800,1035.62133789062
"2020-01-17",2690,2710,2660,2670,9792700,1031.75708007812
"2020-01-20",2660,2680,2580,2590,21197700,1000.84295654297
"2020-01-21",2560,2610,2540,2560,20624800,989.250305175781
"2020-01-22",2560,2570,2470,2480,27981500,958.336181640625
"2020-01-23",2460,2470,2390,2410,35676700,931.286315917969
"2020-01-24",2410,2420,2350,2370,25342900,915.829345703125
"2020-01-27",2340,2340,2240,2240,39268200,865.593872070312
"2020-01-28",2230,2340,2200,2330,48613600,900.372314453125
"2020-01-29",2360,2400,2320,2330,31015700,900.372314453125
"2020-01-30",2310,2330,2240,2240,30619900,865.593872070312
"2020-01-31",2260,2270,2200,2210,17939300,854.001159667969
"2020-02-03",2180,2220,2160,2170,35172600,838.544189453125
"2020-02-04",2190,2240,2170,2230,21085800,861.729675292969
"2020-02-05",2280,2340,2280,2320,32483400,896.507995605469
"2020-02-06",2360,2360,2280,2290,15297600,884.915222167969
"2020-02-07",2270,2340,2260,2320,11738300,896.507995605469
"2020-02-10",2300,2310,2250,2250,13933600,869.458190917969
"2020-02-11",2260,2320,2230,2310,13944500,892.643615722656
"2020-02-12",2330,2350,2260,2280,16223000,881.050964355469
"2020-02-13",2300,2300,2250,2280,11677000,881.050964355469
"2020-02-14",2280,2340,2260,2330,18474200,900.372314453125
"2020-02-17",2330,2360,2310,2340,13087400,904.236511230469
"2020-02-18",2350,2380,2340,2380,17424900,919.693420410156
"2020-02-19",2380,2420,2370,2400,20155700,927.422058105469
"2020-02-20",2420,2510,2410,2490,32998700,962.200317382812
"2020-02-21",2450,2470,2380,2410,22774600,931.286315917969
"2020-02-24",2400,2400,2320,2350,17784200,908.100769042969
"2020-02-25",2310,2430,2300,2410,23201800,931.286315917969
"2020-02-26",2410,2450,2360,2360,26455900,911.965087890625
"2020-02-27",2360,2420,2280,2290,26832100,884.915222167969
"2020-02-28",2250,2290,2190,2240,42001000,865.593872070312
"2020-03-02",2290,2290,2170,2200,39002300,850.136901855469
"2020-03-03",2250,2400,2250,2370,30483600,915.829345703125
"2020-03-04",2370,2500,2350,2470,33038400,954.471740722656
"2020-03-05",2530,2540,2460,2460,29850800,950.607543945312
"2020-03-06",2420,2480,2420,2450,18529800,946.743408203125
"2020-03-09",2370,2370,2210,2210,38358000,854.001159667969
"2020-03-10",2220,2320,2220,2310,23587000,892.643615722656
"2020-03-11",2330,2350,2170,2200,24599500,850.136901855469
"2020-03-12",2100,2190,2010,2060,23191300,796.037292480469
"2020-03-13",2060,2060,2060,2060,0,796.037292480469
"2020-03-16",2060,2060,2060,2060,0,796.037292480469
"2020-03-17",1835,1850,1710,1710,23282900,660.788269042969
"2020-03-18",1710,1710,1595,1595,29978700,616.349243164062
"2020-03-19",1590,1590,1485,1485,2795600,573.842468261719
"2020-03-20",1485,1855,1385,1800,79840200,695.566650390625
"2020-03-23",1790,1895,1675,1675,74786200,647.263305664062
"2020-03-24",1700,1815,1700,1790,48910700,691.702270507812
"2020-03-26",1850,2120,1830,2020,41809200,780.580261230469
"2020-03-27",2090,2240,1995,2040,71887800,788.308715820312
"2020-03-30",2040,2040,1900,1900,16821100,734.209106445312
"2020-03-31",1930,2180,1900,2180,33618700,842.408386230469
"2020-04-01",2120,2230,2040,2050,30561000,792.173034667969
"2020-04-02",2030,2060,1950,2030,23837600,784.444458007812
"2020-04-03",2020,2130,2020,2110,25841300,815.358520507812
"2020-04-06",2100,2160,2090,2160,18666000,834.679870605469
"2020-04-07",2250,2250,2090,2100,21588800,811.494323730469
"2020-04-08",2100,2150,1955,1995,19039300,770.919616699219
"2020-04-09",1995,2040,1935,1980,9649000,765.123229980469
"2020-04-13",1980,2030,1955,2000,5783600,772.851684570312
"2020-04-14",2020,2100,2010,2080,15932800,803.765747070312
"2020-04-15",2100,2120,1960,1960,19782000,757.394653320312
"2020-04-16",1980,1990,1895,1905,15573500,736.141296386719
"2020-04-17",1920,2000,1920,1980,14020600,765.123229980469
"2020-04-20",1990,2020,1935,1935,7323100,747.734008789062
"2020-04-21",1925,1925,1800,1825,26386000,705.227172851562
"2020-04-22",1800,1880,1775,1855,18720700,716.819946289062
"2020-04-23",1880,1925,1855,1890,25778600,730.344970703125
"2020-04-24",1880,1960,1845,1850,28119600,714.887817382812
"2020-04-27",1875,1890,1815,1825,16358000,705.227172851562
"2020-04-28",1815,1845,1770,1780,17254900,687.838073730469
"2020-04-29",1795,1820,1785,1790,9910000,691.702270507812
"2020-04-30",1815,1890,1815,1875,20464800,724.548583984375
"2020-05-04",1870,1870,1790,1815,11936000,701.363037109375
"2020-05-05",1850,1865,1780,1815,35220100,701.363037109375
"2020-05-06",1825,1910,1820,1895,58599000,732.277099609375
"2020-05-08",1915,2080,1895,2060,86015500,796.037292480469
"2020-05-11",2080,2160,2030,2050,38337600,792.173034667969
"2020-05-12",2100,2100,1980,1990,26412900,768.987548828125
"2020-05-13",1940,1975,1860,1905,58253000,736.141296386719
"2020-05-14",1870,1950,1855,1865,37832000,720.684204101562
"2020-05-15",1880,1940,1800,1815,30769700,701.363037109375
"2020-05-18",1830,1910,1805,1900,45956600,734.209106445312
"2020-05-19",1935,1985,1910,1915,45276000,740.005493164062
"2020-05-20",1920,1935,1890,1920,24247000,741.937622070312
"2020-05-26",1945,2060,1930,2040,51276500,788.308715820312
"2020-05-27",2070,2110,2020,2090,41042300,807.630065917969
"2020-05-28",2120,2140,2070,2090,46169400,807.630065917969
"2020-05-29",2090,2090,1945,1945,364481600,751.598327636719
"2020-06-02",1975,2100,1970,2080,125564400,803.765747070312
"2020-06-03",2100,2140,2050,2110,87870700,815.358520507812
"2020-06-04",2140,2300,2130,2180,132199300,842.408386230469
"2020-06-05",2200,2250,2160,2210,66641200,854.001159667969
"2020-06-08",2250,2320,2250,2300,93899700,888.779418945312
"2020-06-09",2320,2400,2310,2390,119439500,923.557861328125
"2020-06-10",2380,2480,2280,2370,269829400,915.829345703125
"2020-06-11",2350,2380,2250,2280,115570200,881.050964355469
"2020-06-12",2160,2410,2150,2390,161447100,923.557861328125
"2020-06-15",2400,2480,2350,2360,132252000,911.965087890625
"2020-06-16",2420,2480,2420,2440,99983800,942.879089355469
"2020-06-17",2480,2490,2420,2470,115857300,954.471740722656
"2020-06-18",2500,2510,2430,2450,216195200,946.743408203125
"2020-06-19",2280,2280,2280,2280,109431900,1016.50048828125
"2020-06-22",2140,2200,2130,2130,207937000,949.62548828125
"2020-06-23",2070,2160,2030,2080,156000400,927.333740234375
"2020-06-24",2100,2160,2090,2120,108004000,945.1669921875
"2020-06-25",2080,2120,2050,2060,79582000,918.417175292969
"2020-06-26",2100,2110,2050,2060,48365400,918.417175292969
"2020-06-29",2050,2080,2010,2030,63577100,905.042053222656
"2020-06-30",2050,2070,2000,2020,51448600,900.583801269531
"2020-07-01",2020,2090,1995,2090,82565200,931.792175292969
"2020-07-02",2110,2120,2060,2070,80132800,922.875549316406
"2020-07-03",2100,2100,2050,2050,31700400,913.958801269531
"2020-07-06",2060,2070,2040,2070,33927100,922.875549316406
"2020-07-07",2080,2090,2050,2050,30740100,913.958801269531
"2020-07-08",2050,2100,2040,2080,57910300,927.333740234375
"2020-07-09",2080,2170,2060,2100,129801200,936.25048828125
"2020-07-10",2100,2130,2060,2070,53632400,922.875549316406
"2020-07-13",2080,2170,2070,2170,142137400,967.458862304688
"2020-07-14",2180,2200,2140,2140,111290100,954.083740234375
"2020-07-15",2190,2190,2130,2150,51534200,958.542114257812
"2020-07-16",2170,2180,2120,2120,31992300,945.1669921875
"2020-07-17",2140,2170,2110,2140,59441700,954.083740234375
"2020-07-20",2160,2160,2080,2080,44068400,927.333740234375
"2020-07-21",2080,2130,2080,2110,29396200,940.708740234375
"2020-07-22",2130,2140,2080,2080,31878600,927.333740234375
"2020-07-23",2110,2140,2090,2110,32352000,940.708740234375
"2020-07-24",2100,2120,2070,2070,31699900,922.875549316406
"2020-07-27",2080,2110,2070,2080,23222200,927.333740234375
"2020-07-28",2090,2110,2050,2080,30856500,927.333740234375
"2020-07-29",2080,2090,2050,2070,14713800,922.875549316406
"2020-07-30",2080,2090,2020,2030,46692000,905.042053222656
"2020-08-03",2030,2040,1895,1975,77529900,880.521362304688
"2020-08-04",2000,2020,1975,2010,53867700,896.125427246094
"2020-08-05",2010,2050,1995,2040,30482100,909.500427246094
"2020-08-06",2060,2080,2040,2080,38585900,927.333740234375
"2020-08-07",2090,2090,2020,2050,26817300,913.958801269531
"2020-08-10",2050,2120,2040,2120,69697100,945.1669921875
"2020-08-11",2130,2140,2080,2100,37992000,936.25048828125
"2020-08-12",2100,2100,2050,2060,36475500,918.417175292969
"2020-08-13",2050,2080,2050,2070,12773500,922.875549316406
"2020-08-14",2080,2080,2050,2060,17210000,918.417175292969
"2020-08-18",2060,2080,2060,2080,19991700,927.333740234375
"2020-08-19",2080,2130,2070,2110,55754100,940.708740234375
"2020-08-24",2090,2120,2070,2100,26481700,936.25048828125
"2020-08-25",2100,2120,2100,2120,26816900,945.1669921875
"2020-08-26",2130,2170,2100,2130,45944800,949.62548828125
"2020-08-27",2140,2160,2110,2130,26375900,949.62548828125
"2020-08-28",2130,2160,2120,2130,26919000,949.62548828125
"2020-08-31",2150,2150,2030,2040,63035800,909.500427246094
"2020-09-01",2050,2110,2020,2100,34663600,936.25048828125
"2020-09-02",2120,2160,2090,2150,43367500,958.542114257812
"2020-09-03",2160,2170,2120,2140,25352600,954.083740234375
"2020-09-04",2130,2130,2070,2100,18682000,936.25048828125
"2020-09-07",2100,2130,2070,2110,17178600,940.708740234375
"2020-09-08",2110,2130,2080,2080,19034400,927.333740234375
"2020-09-09",2060,2080,2020,2040,27289600,909.500427246094
"2020-09-10",2020,2020,1900,1900,68273200,847.083740234375
"2020-09-11",1845,1975,1810,1970,46751800,878.292114257812
"2020-09-14",2000,2050,2000,2050,26702000,913.958801269531
"2020-09-15",2070,2070,2030,2050,28752300,913.958801269531
"2020-09-16",2060,2070,2030,2040,13859300,909.500427246094
"2020-09-17",2060,2070,2000,2010,15857900,896.125427246094
"2020-09-18",2020,2040,2000,2000,18694700,891.667053222656
"2020-09-21",2020,2040,2000,2000,15419900,891.667053222656
"2020-09-22",1990,2010,1975,2000,17243900,891.667053222656
"2020-09-23",2010,2030,1970,1980,12875500,882.75048828125
"2020-09-24",1970,1980,1940,1950,11910700,869.375366210938
"2020-09-25",1970,1995,1945,1990,11710500,887.208862304688
"2020-09-28",1995,2010,1965,1970,5436200,878.292114257812
"2020-09-29",1990,2010,1970,1985,17340900,884.979614257812
"2020-09-30",1985,1990,1940,1970,11323400,878.292114257812
"2020-10-01",1980,2020,1970,2000,9175800,891.667053222656
"2020-10-02",2010,2010,1950,1970,9279700,878.292114257812
"2020-10-05",1970,1990,1950,1950,11708500,869.375366210938
"2020-10-06",1965,1975,1960,1970,6498000,878.292114257812
"2020-10-07",1970,1985,1960,1965,18221500,876.06298828125
"2020-10-08",1975,2040,1965,1990,30616700,887.208862304688
"2020-10-09",1990,2010,1980,1985,11386800,884.979614257812
"2020-10-12",1985,2020,1980,2020,15389500,900.583801269531
"2020-10-13",2020,2030,1985,2030,14388400,905.042053222656
"2020-10-14",2020,2070,2000,2050,28140300,913.958801269531
"2020-10-15",2060,2070,2010,2010,19485700,896.125427246094
"2020-10-16",2010,2060,1995,2050,26072500,913.958801269531
"2020-10-19",2070,2080,2040,2050,15469800,913.958801269531
"2020-10-20",2050,2060,2000,2010,18312400,896.125427246094
"2020-10-21",2010,2040,2000,2000,13260800,891.667053222656
"2020-10-22",2000,2000,1960,1965,71860900,876.06298828125
"2020-10-23",1970,1980,1955,1960,22850600,873.833740234375
"2020-10-26",1965,1990,1965,1970,19051200,878.292114257812
"2020-10-27",1970,1985,1960,1960,11583500,873.833740234375
"2020-11-02",1960,1970,1940,1940,18159000,864.917053222656
"2020-11-03",1950,1965,1950,1950,9393500,869.375366210938
"2020-11-04",1955,1965,1935,1935,16673900,862.687866210938
"2020-11-05",1950,1975,1945,1970,14737000,878.292114257812
"2020-11-06",1985,2010,1985,1990,35428700,887.208862304688
"2020-11-09",2010,2040,2000,2010,29260700,896.125427246094
"2020-11-10",2050,2050,2010,2020,20916700,900.583801269531
"2020-11-11",2040,2100,2020,2070,65778900,922.875549316406
"2020-11-12",2080,2080,2040,2040,24822800,909.500427246094
"2020-11-13",2030,2050,2020,2040,17436800,909.500427246094
"2020-11-16",2060,2150,2050,2130,61569000,949.62548828125
"2020-11-17",2140,2160,2110,2110,53820400,940.708740234375
"2020-11-18",2130,2140,2110,2110,27678900,940.708740234375
"2020-11-19",2110,2240,2100,2230,132673300,994.208801269531
"2020-11-20",2240,2260,2180,2190,72908500,976.375549316406
"2020-11-23",2230,2280,2220,2280,77900700,1016.50048828125
"2020-11-24",2310,2340,2280,2280,88378800,1016.50048828125
"2020-11-25",2320,2350,2250,2280,102632700,1016.50048828125
"2020-11-26",2310,2360,2310,2360,99508100,1052.16723632812
"2020-11-27",2380,2420,2360,2410,61249600,1074.45886230469
"2020-11-30",2440,2530,2310,2360,192854700,1052.16723632812
"2020-12-01",2400,2480,2320,2430,91179000,1083.37548828125
"2020-12-02",2450,2470,2420,2450,64008000,1092.29223632812
"2020-12-03",2490,2510,2440,2440,61766600,1087.83386230469
"2020-12-04",2470,2500,2430,2480,64010900,1105.66723632812
"2020-12-07",2530,2700,2530,2680,156851600,1194.833984375
"2020-12-08",2750,2850,2700,2820,139826000,1257.25073242188
"2020-12-10",2850,2870,2750,2800,107887700,1248.333984375
"2020-12-11",2820,2850,2780,2810,59382300,1252.79235839844
"2020-12-14",2870,3050,2870,3050,106224600,1359.79235839844
"2020-12-15",3060,3090,2970,3070,92609200,1368.70910644531
"2020-12-16",3100,3180,3100,3170,57825600,1413.29248046875
"2020-12-17",3170,3180,3000,3040,85604700,1355.333984375
"2020-12-18",3040,3050,2950,2980,72485000,1328.58410644531
"2020-12-21",2980,3080,2920,3040,85692700,1355.333984375
"2020-12-22",3020,3030,2850,2880,75288800,1284.00073242188
"2020-12-23",2880,2970,2700,2820,81613400,1257.25073242188
"2020-12-28",2900,2900,2830,2850,52184700,1270.62561035156
"2020-12-29",2890,2940,2840,2890,64321200,1288.45886230469
"2020-12-30",2850,2880,2790,2810,47652800,1252.79235839844
"2021-01-04",2810,2830,2640,2790,76884400,1243.87561035156
"2021-01-05",2790,2860,2760,2770,46044200,1234.95886230469
"2021-01-06",2770,2770,2630,2680,64679600,1194.833984375
"2021-01-07",2670,2840,2620,2820,108301800,1257.25073242188
"2021-01-08",2900,3000,2830,2850,107126400,1270.62561035156
"2021-01-11",2930,2960,2870,2910,86412200,1297.37561035156
"2021-01-12",2910,2930,2840,2860,51911000,1275.083984375
"2021-01-13",2980,3060,2900,3040,162580800,1355.333984375
"2021-01-14",3080,3100,3000,3000,97453500,1337.50085449219
"2021-01-15",2980,3010,2920,2940,57645400,1310.75061035156
"2021-01-18",2940,3020,2860,2950,62283700,1315.208984375
"2021-01-19",2960,2980,2760,2850,66704700,1270.62561035156
"2021-01-20",2840,2900,2800,2880,38652700,1284.00073242188
"2021-01-21",2900,2930,2840,2860,29798700,1275.083984375
"2021-01-22",2860,2870,2720,2770,39287300,1234.95886230469
"2021-01-25",2770,2770,2620,2700,41122900,1203.75061035156
"2021-01-26",2700,2780,2600,2760,78348700,1230.50048828125
"2021-01-27",2820,2850,2650,2680,138977300,1194.833984375
"2021-01-28",2670,2760,2560,2590,107796600,1154.70886230469
"2021-01-29",2650,2700,2480,2580,108401800,1150.25061035156
"2021-02-01",2590,2630,2440,2610,70788300,1163.62561035156
"2021-02-02",2620,2650,2450,2490,80881200,1110.12548828125
"2021-02-03",2490,2500,2400,2410,87968000,1074.45886230469
"2021-02-04",2410,2520,2400,2480,79730000,1105.66723632812
"2021-02-05",2520,2590,2490,2560,72468700,1141.333984375
"2021-02-08",2610,2640,2580,2610,37956000,1163.62561035156
"2021-02-09",2650,2650,2550,2590,38755800,1154.70886230469
"2021-02-10",2610,2610,2530,2550,19875200,1136.87561035156
"2021-02-11",2560,2610,2540,2590,19691700,1154.70886230469
"2021-02-15",2600,2620,2570,2600,18710800,1159.16723632812
"2021-02-16",2600,2630,2570,2600,26515700,1159.16723632812
"2021-02-17",2610,2630,2550,2560,42563500,1141.333984375
"2021-02-18",2530,2600,2530,2560,22065500,1141.333984375
"2021-02-19",2560,2570,2530,2550,10726800,1136.87561035156
"2021-02-22",2580,2750,2570,2740,117066900,1221.583984375
"2021-02-23",2750,2760,2700,2720,48060500,1212.66735839844
"2021-02-24",2720,2730,2620,2630,53690300,1172.54223632812
"2021-02-25",2680,2710,2660,2680,37517300,1194.833984375
"2021-02-26",2630,2710,2600,2710,36346300,1208.20910644531
"2021-03-01",2740,2750,2690,2720,23529500,1212.66735839844
"2021-03-02",2750,2790,2730,2730,42723000,1217.12548828125
"2021-03-03",2760,2760,2700,2710,22092100,1208.20910644531
"2021-03-04",2710,2750,2660,2710,42974700,1208.20910644531
"2021-03-05",2680,2710,2670,2710,19286700,1208.20910644531
"2021-03-08",2730,2740,2680,2680,18341300,1194.833984375
"2021-03-09",2680,2700,2580,2610,28531500,1163.62561035156
"2021-03-10",2650,2650,2580,2600,16141100,1159.16723632812
"2021-03-12",2650,2740,2630,2730,45093100,1217.12548828125
"2021-03-15",2750,2780,2720,2740,27693700,1221.583984375
"2021-03-16",2750,2760,2700,2710,20082000,1208.20910644531
"2021-03-17",2720,2740,2690,2710,17423100,1208.20910644531
"2021-03-18",2740,2770,2730,2750,42697500,1226.04223632812
"2021-03-19",2750,2780,2720,2760,50493100,1230.50048828125
"2021-03-22",2800,2870,2760,2770,63607300,1234.95886230469
"2021-03-23",2830,2840,2770,2800,39694200,1248.333984375
"2021-03-24",2780,2780,2730,2740,28610400,1221.583984375
"2021-03-25",2740,2750,2660,2690,32469400,1199.29223632812
"2021-03-26",2700,2720,2660,2700,23697000,1203.75061035156
"2021-03-29",2700,2720,2680,2680,14444900,1194.833984375
"2021-03-30",2680,2690,2620,2630,29091500,1172.54223632812
"2021-03-31",2620,2650,2590,2620,24382700,1168.08386230469
"2021-04-01",2650,2670,2620,2650,17046300,1181.458984375
"2021-04-05",2680,2720,2520,2540,72616600,1132.41711425781
"2021-04-06",2530,2540,2440,2520,48211800,1123.50061035156
"2021-04-07",2540,2560,2500,2520,22051100,1123.50061035156
"2021-04-08",2520,2550,2510,2540,18123700,1132.41711425781
"2021-04-09",2540,2560,2530,2540,12621600,1132.41711425781
"2021-04-12",2550,2560,2440,2460,30610800,1096.75048828125
"2021-04-13",2460,2490,2430,2460,27946200,1096.75048828125
"2021-04-14",2400,2430,2390,2420,29522000,1112.70275878906
"2021-04-15",2430,2440,2360,2370,19323000,1089.71313476562
"2021-04-16",2380,2420,2370,2380,20695200,1094.31103515625
"2021-04-19",2390,2450,2380,2420,26395000,1112.70275878906
"2021-04-20",2420,2440,2390,2420,10846000,1112.70275878906
"2021-04-21",2400,2410,2380,2390,10382800,1098.90893554688
"2021-04-22",2390,2410,2340,2360,13289600,1085.115234375
"2021-04-23",2360,2410,2350,2390,11052800,1098.90893554688
"2021-04-26",2380,2440,2370,2390,12495000,1098.90893554688
"2021-04-27",2420,2420,2370,2390,8821700,1098.90893554688
"2021-04-28",2400,2410,2380,2400,6040200,1103.50695800781
"2021-04-29",2420,2440,2400,2420,10663900,1112.70275878906
"2021-04-30",2420,2430,2360,2370,28344800,1089.71313476562
"2021-05-03",2350,2370,2280,2280,30773300,1048.33154296875
"2021-05-04",2280,2310,2270,2300,19078000,1057.52746582031
"2021-05-05",2300,2300,2270,2290,9690200,1052.92956542969
"2021-05-06",2300,2330,2290,2290,13024900,1052.92956542969
"2021-05-07",2300,2320,2280,2280,11633000,1048.33154296875
"2021-05-10",2290,2300,2250,2280,18400000,1048.33154296875
"2021-05-11",2280,2330,2260,2280,24415700,1048.33154296875
"2021-05-17",2320,2330,2250,2260,20751000,1039.1357421875
"2021-05-18",2270,2280,2230,2260,12949900,1039.1357421875
"2021-05-19",2270,2280,2220,2230,17102600,1025.34191894531
"2021-05-20",2230,2240,2150,2160,28546300,993.15625
"2021-05-21",2190,2210,2140,2150,18400400,988.558288574219
"2021-05-24",2190,2200,2120,2120,11103400,974.764404296875
"2021-05-25",2150,2210,2130,2190,16105500,1006.95007324219
"2021-05-27",2190,2220,2180,2180,18092400,1002.35211181641
"2021-05-28",2190,2210,2170,2190,10980900,1006.95007324219
"2021-05-31",2190,2240,2190,2210,11327800,1016.14605712891
"2021-06-02",2240,2370,2230,2350,64936900,1080.51721191406
"2021-06-03",2350,2350,2300,2320,22029200,1066.72338867188
"2021-06-04",2300,2320,2280,2280,12600600,1048.33154296875
"2021-06-07",2280,2280,2220,2220,18213400,1020.74389648438
"2021-06-08",2260,2280,2190,2190,30094000,1006.95007324219
"2021-06-09",2200,2240,2190,2220,21115000,1020.74389648438
"2021-06-10",2240,2250,2200,2200,22824900,1011.54809570312
"2021-06-11",2230,2340,2190,2290,76607700,1052.92956542969
"2021-06-14",2300,2330,2260,2290,21724800,1052.92956542969
"2021-06-15",2290,2290,2220,2240,14850800,1029.93981933594
"2021-06-16",2220,2280,2190,2260,30760900,1039.1357421875
"2021-06-17",2230,2250,2200,2200,21771400,1011.54809570312
"2021-06-18",2180,2210,2110,2120,37712000,974.764404296875
"2021-06-21",2100,2100,2050,2080,22927200,956.372680664062
"2021-06-22",2100,2120,2080,2100,13637600,965.568542480469
"2021-06-23",2110,2120,2050,2050,16552300,942.578857421875
"2021-06-24",2050,2070,2020,2030,14156800,933.382873535156
"2021-06-25",2040,2070,2020,2030,18516800,933.382873535156
"2021-06-28",2050,2070,2010,2010,12391800,924.187072753906
"2021-06-29",2000,2030,1995,2000,13399800,919.589050292969
"2021-06-30",2000,2030,1995,2000,18161700,919.589050292969
"2021-07-01",2030,2050,2000,2010,11926800,924.187072753906
"2021-07-02",2030,2120,2020,2100,19535700,965.568542480469
"2021-07-05",2110,2130,2040,2060,16037200,947.1767578125
"2021-07-06",2110,2170,2090,2150,24718600,988.558288574219
"2021-07-07",2130,2130,2100,2100,13590700,965.568542480469
"2021-07-08",2110,2120,2060,2070,11132900,951.774841308594
"2021-07-09",2090,2150,2060,2130,15219500,979.362426757812
"2021-07-12",2150,2160,2120,2120,12700100,974.764404296875
"2021-07-13",2120,2140,2060,2080,12721100,956.372680664062
"2021-07-14",2080,2120,2060,2070,11271500,951.774841308594
"2021-07-15",2070,2110,2070,2100,7678900,965.568542480469
"2021-07-16",2100,2170,2100,2130,27623200,979.362426757812
"2021-07-19",2140,2160,2120,2140,13533600,983.960388183594
"2021-07-21",2140,2170,2110,2130,17241000,979.362426757812
"2021-07-22",2150,2270,2140,2250,44501800,1034.53771972656
"2021-07-23",2300,2310,2220,2220,32513700,1020.74389648438
"2021-07-26",2220,2270,2220,2240,17187000,1029.93981933594
"2021-07-27",2260,2270,2210,2230,11666700,1025.34191894531
"2021-07-28",2230,2240,2180,2210,13950700,1016.14605712891
"2021-07-29",2220,2270,2190,2240,20433300,1029.93981933594
"2021-07-30",2230,2270,2200,2230,19335700,1025.34191894531
"2021-08-02",2250,2270,2210,2240,13784600,1029.93981933594
"2021-08-03",2240,2240,2210,2220,9003000,1020.74389648438
"2021-08-04",2250,2270,2230,2260,15136800,1039.1357421875
"2021-08-05",2270,2290,2190,2190,23635900,1006.95007324219
"2021-08-06",2210,2240,2200,2220,11295600,1020.74389648438
"2021-08-09",2240,2270,2200,2210,16669900,1016.14605712891
"2021-08-10",2240,2260,2210,2250,15439200,1034.53771972656
"2021-08-12",2270,2380,2250,2370,53808100,1089.71313476562
"2021-08-13",2380,2390,2310,2340,29949200,1075.91918945312
"2021-08-16",2350,2370,2320,2330,18091800,1071.3212890625
"2021-08-18",2320,2320,2240,2250,34384400,1034.53771972656
"2021-08-19",2250,2270,2130,2150,43424500,988.558288574219
"2021-08-20",2150,2170,2100,2110,39361100,970.166442871094
"2021-08-23",2120,2130,2080,2100,53197900,965.568542480469
"2021-08-24",2120,2140,2070,2080,35462400,956.372680664062
"2021-08-25",2090,2110,2090,2090,15412100,960.970581054688
"2021-08-26",2100,2120,2080,2100,15548200,965.568542480469
"2021-08-27",2100,2110,2080,2080,11491100,956.372680664062
"2021-08-30",2100,2120,2090,2110,17414300,970.166442871094
"2021-08-31",2110,2120,2100,2110,24026300,970.166442871094
"2021-09-01",2150,2210,2150,2180,72378300,1002.35211181641
"2021-09-02",2200,2220,2170,2190,33632700,1006.95007324219
"2021-09-03",2200,2290,2200,2290,57376600,1052.92956542969
"2021-09-06",2300,2340,2290,2310,34645400,1062.12536621094
"2021-09-07",2320,2330,2270,2280,18759700,1048.33154296875
"2021-09-08",2280,2310,2250,2300,28186200,1057.52746582031
"2021-09-09",2300,2350,2280,2340,41081700,1075.91918945312
"2021-09-10",2340,2360,2310,2350,26774900,1080.51721191406
"2021-09-13",2350,2350,2310,2330,11547300,1071.3212890625
"2021-09-14",2350,2380,2340,2370,31209400,1089.71313476562
"2021-09-15",2360,2430,2350,2410,38499200,1108.10485839844
"2021-09-16",2420,2460,2380,2410,41284500,1108.10485839844
"2021-09-17",2350,2370,2300,2320,51739300,1066.72338867188
"2021-09-20",2320,2340,2270,2290,17119100,1052.92956542969
"2021-09-21",2290,2300,2230,2280,25481900,1048.33154296875
"2021-09-22",2290,2370,2280,2350,26238200,1080.51721191406
"2021-09-23",2390,2430,2360,2420,36159800,1112.70275878906
"2021-09-24",2450,2510,2440,2450,60322600,1126.49658203125
"2021-09-27",2460,2510,2440,2460,28935900,1131.09460449219
"2021-09-28",2500,2640,2500,2630,97944900,1209.25964355469
"2021-09-29",2610,2680,2600,2640,70824000,1213.85766601562
"2021-09-30",2640,2790,2640,2760,81040500,1269.03295898438
"2021-10-01",2760,2810,2700,2720,84607400,1250.64123535156
"2021-10-04",2780,2930,2780,2890,99049500,1328.80627441406
"2021-10-05",2950,3000,2800,2840,121685900,1305.81652832031
"2021-10-06",2920,2960,2810,2840,99269600,1305.81652832031
"2021-10-07",2750,2770,2660,2680,119597200,1232.24951171875
"2021-10-08",2690,2790,2690,2780,62867400,1278.22888183594
"2021-10-11",2810,2880,2780,2840,68436800,1305.81652832031
"2021-10-12",2880,2890,2810,2830,56681900,1301.21850585938
"2021-10-13",2830,2850,2790,2790,29495800,1282.82690429688
"2021-10-14",2800,2850,2790,2820,36796500,1296.62072753906
"2021-10-15",2820,2870,2800,2830,39191200,1301.21850585938
"2021-10-18",2810,2880,2800,2860,53083800,1315.01245117188
"2021-10-19",2860,2860,2810,2820,34372100,1296.62072753906
"2021-10-21",2780,2780,2670,2720,83092500,1250.64123535156
"2021-10-22",2560,2690,2560,2670,46458000,1227.6513671875
"2021-10-25",2830,2850,2720,2740,63608600,1259.83703613281
"2021-10-26",2790,2830,2750,2800,52184000,1287.42468261719
"2021-10-27",2840,2840,2760,2780,37901500,1278.22888183594
"2021-10-28",2730,2730,2610,2640,93386600,1213.85766601562
"2021-10-29",2600,2690,2590,2680,35804400,1232.24951171875
"2021-11-01",2630,2720,2580,2670,51187000,1227.6513671875
"2021-11-02",2650,2670,2580,2600,45731500,1195.4658203125
"2021-11-03",2640,2650,2600,2640,19187100,1213.85766601562
"2021-11-04",2690,2710,2650,2680,27267200,1232.24951171875
"2021-11-05",2680,2680,2630,2650,11416000,1218.45568847656
"2021-11-08",2670,2700,2670,2680,17516800,1232.24951171875
"2021-11-09",2720,2740,2680,2680,21991400,1232.24951171875
"2021-11-10",2690,2690,2650,2680,11782000,1232.24951171875
"2021-11-11",2670,2680,2640,2680,9624900,1232.24951171875
"2021-11-12",2680,2700,2640,2660,13547900,1223.05346679688
"2021-11-15",2660,2660,2500,2510,58991100,1154.08435058594
"2021-11-16",2510,2550,2500,2510,22806700,1154.08435058594
"2021-11-17",2540,2560,2520,2550,24562900,1172.47607421875
"2021-11-18",2550,2550,2510,2540,10476000,1167.87817382812
"2021-11-19",2550,2620,2530,2620,29270100,1204.66174316406
"2021-11-22",2620,2630,2560,2600,17143100,1195.4658203125
"2021-11-23",2670,2690,2620,2640,21397900,1213.85766601562
"2021-11-24",2680,2690,2650,2660,15699500,1223.05346679688
"2021-11-25",2690,2710,2650,2700,21725900,1241.44519042969
"2021-11-26",2690,2690,2580,2600,23076900,1195.4658203125
"2021-11-29",2520,2670,2520,2660,26057700,1223.05346679688
"2021-11-30",2610,2640,2580,2600,29610300,1195.4658203125
"2021-12-01",2580,2650,2580,2600,19843900,1195.4658203125
"2021-12-02",2600,2760,2590,2740,53396300,1259.83703613281
"2021-12-03",2740,2750,2690,2710,15291300,1246.04333496094
"2021-12-06",2710,2750,2690,2750,22381700,1264.43505859375
"2021-12-07",2770,2800,2710,2750,21647800,1264.43505859375
"2021-12-08",2750,2760,2710,2720,15037900,1250.64123535156
"2021-12-09",2740,2750,2710,2720,15640600,1250.64123535156
"2021-12-10",2720,2740,2650,2740,30834000,1259.83703613281
"2021-12-13",2750,2750,2710,2710,19058600,1246.04333496094
"2021-12-14",2710,2730,2670,2730,16520100,1255.23913574219
"2021-12-15",2730,2770,2700,2700,34563600,1241.44519042969
"2021-12-16",2730,2730,2660,2680,23601400,1232.24951171875
"2021-12-17",2700,2730,2660,2730,17001300,1255.23913574219
"2021-12-20",2690,2700,2650,2650,22005300,1218.45568847656
"2021-12-21",2660,2690,2650,2690,12443700,1236.84729003906
"2021-12-22",2700,2720,2690,2700,18016500,1241.44519042969
"2021-12-23",2710,2720,2680,2700,9183800,1241.44519042969
"2021-12-24",2700,2740,2670,2710,15486400,1246.04333496094
"2021-12-27",2730,2730,2690,2700,6821500,1241.44519042969
"2021-12-28",2710,2830,2700,2800,108072700,1287.42468261719
"2021-12-29",2800,2820,2750,2790,28686800,1282.82690429688
"2021-12-30",2750,2760,2700,2710,24442600,1246.04333496094
"2022-01-03",2660,2680,2600,2670,40712700,1227.6513671875
"2022-01-04",2670,2720,2640,2700,27350500,1241.44519042969
"2022-01-05",2740,2770,2710,2730,34201700,1255.23913574219
"2022-01-06",2710,2730,2660,2700,23256700,1241.44519042969
"2022-01-07",2730,2790,2700,2790,69207200,1282.82690429688
"2022-01-10",2790,2790,2740,2780,14976200,1278.22888183594
"2022-01-11",2850,2880,2790,2830,78645300,1301.21850585938
"2022-01-12",2830,2850,2760,2760,19484700,1269.03295898438
"2022-01-13",2770,2830,2770,2810,24127600,1292.02270507812
"2022-01-14",2830,2840,2790,2830,28433000,1301.21850585938
"2022-01-17",2850,2860,2780,2810,17583800,1292.02270507812
"2022-01-18",2830,2830,2730,2820,22623300,1296.62072753906
"2022-01-19",2820,2830,2780,2810,12803500,1292.02270507812
"2022-01-20",2830,2850,2800,2820,18520300,1296.62072753906
"2022-01-21",2800,2830,2790,2830,10488600,1301.21850585938
"2022-01-24",2830,2890,2820,2870,41539700,1319.6103515625
"2022-01-25",2870,2880,2790,2810,22515400,1292.02270507812
"2022-01-26",2810,2870,2810,2870,20867000,1319.6103515625
"2022-01-27",2860,2920,2840,2900,47926500,1333.40417480469
"2022-01-28",2890,2910,2860,2880,22974900,1324.20825195312
"2022-01-31",2890,2890,2830,2850,14587800,1310.41442871094
"2022-02-02",2850,2860,2800,2810,16747000,1292.02270507812
"2022-02-03",2810,2830,2750,2820,17408000,1296.62072753906
"2022-02-04",2820,2820,2790,2790,10788200,1282.82690429688
"2022-02-07",2800,2850,2790,2820,15870300,1296.62072753906
"2022-02-08",2850,2860,2810,2840,12237700,1305.81652832031
"2022-02-09",2840,2900,2820,2870,26572100,1319.6103515625
"2022-02-10",2860,2890,2840,2840,9756900,1305.81652832031
"2022-02-11",2830,2890,2820,2880,22618000,1324.20825195312
"2022-02-14",2860,2950,2850,2910,44303800,1338.00219726562
"2022-02-15",2910,2920,2890,2910,34432700,1338.00219726562
"2022-02-16",2910,2920,2890,2900,18397500,1333.40417480469
"2022-02-17",2900,2920,2880,2900,22027700,1333.40417480469
"2022-02-18",2890,2940,2880,2930,21449300,1347.19812011719
"2022-02-21",2940,2980,2920,2940,39800200,1351.7958984375
"2022-02-22",2940,2970,2910,2940,21463000,1351.7958984375
"2022-02-23",2990,3030,2960,3010,70217300,1383.98156738281
"2022-02-24",3020,3170,2980,3170,131871800,1457.54870605469
"2022-02-25",3200,3240,3130,3140,73101000,1443.75500488281
"2022-03-01",3170,3280,3170,3190,61140500,1466.74462890625
"2022-03-02",3260,3290,3220,3250,48840200,1494.33227539062
"2022-03-04",3300,3550,3300,3540,99834700,1627.67272949219
"2022-03-07",3600,3760,3560,3620,112276900,1664.45617675781
"2022-03-08",3620,3620,3450,3480,74669100,1600.0849609375
"2022-03-09",3480,3580,3450,3540,44823300,1627.67272949219
"2022-03-10",3470,3540,3360,3470,54914800,1595.48718261719
"2022-03-11",3390,3540,3390,3480,30616000,1600.0849609375
"2022-03-14",3480,3520,3260,3310,58766900,1521.919921875
"2022-03-15",3300,3400,3230,3300,39740800,1517.32202148438
"2022-03-16",3310,3390,3310,3380,19332100,1554.10559082031
"2022-03-17",3380,3380,3310,3320,12122900,1526.51794433594
"2022-03-18",3340,3380,3190,3190,173133100,1466.74462890625
"2022-03-21",3230,3270,3190,3220,55014500,1480.53833007812
"2022-03-22",3220,3320,3220,3300,32211000,1517.32202148438
"2022-03-23",3330,3340,3290,3330,25727600,1531.11596679688
"2022-03-24",3360,3390,3320,3350,26027000,1540.31176757812
"2022-03-25",3360,3370,3310,3320,18989500,1526.51794433594
"2022-03-28",3320,3440,3320,3430,31588100,1577.09533691406
"2022-03-29",3450,3450,3360,3370,33505700,1549.5078125
"2022-03-30",3370,3380,3260,3280,43628200,1508.12622070312
"2022-03-31",3280,3340,3280,3290,13814700,1512.72412109375
"2022-04-01",3290,3360,3270,3330,20596500,1531.11596679688
"2022-04-04",3350,3370,3330,3360,17373500,1544.90966796875
"2022-04-05",3360,3480,3360,3480,38725700,1600.0849609375
"2022-04-06",3520,3530,3480,3490,60587800,1604.68298339844
"2022-04-07",3510,3510,3440,3500,28540400,1609.28100585938
"2022-04-08",3500,3600,3480,3600,40875900,1655.26037597656
"2022-04-11",3600,3670,3550,3550,44012000,1632.2705078125
"2022-04-12",3550,3570,3490,3510,27267200,1613.87902832031
"2022-04-13",3570,3760,3540,3760,93553600,1728.82751464844
"2022-04-14",3760,3790,3720,3770,40945400,1733.42553710938
"2022-04-18",3740,3820,3720,3760,28935400,1728.82751464844
"2022-04-19",3750,3780,3730,3750,23595300,1724.22961425781
"2022-04-20",3770,3810,3660,3700,43015000,1701.23999023438
"2022-04-21",3710,3830,3710,3720,41534000,1710.43579101562
"2022-04-22",3710,3750,3670,3690,21773500,1696.64196777344
"2022-04-25",3650,3710,3610,3700,24476200,1701.23999023438
"2022-04-26",3700,3720,3610,3640,24081900,1673.65222167969
"2022-04-27",3620,3700,3620,3700,20516600,1701.23999023438
"2022-04-28",3710,3850,3700,3820,47082900,1756.41528320312
"2022-05-09",3850,3860,3690,3770,55066700,1733.42553710938
"2022-05-10",3660,3710,3560,3660,89346300,1682.84802246094
"2022-05-11",3680,3760,3680,3710,41108200,1705.83776855469
"2022-05-12",3720,3770,3630,3650,54157300,1678.25012207031
"2022-05-13",3710,3830,3670,3800,52937900,1747.21923828125
"2022-05-17",3850,4130,3840,4100,108021000,1885.15771484375
"2022-05-18",4100,4130,3920,4000,123533500,1839.17810058594
"2022-05-19",3940,3970,3890,3950,47998400,1816.18859863281
"2022-05-20",3990,4100,3980,4050,58291500,1862.16796875
"2022-05-23",4100,4160,4070,4100,71425900,1885.15771484375
"2022-05-24",4120,4440,3920,4400,245375200,2023.09619140625
"2022-05-25",4500,4520,4380,4390,142694400,2018.498046875
"2022-05-27",4420,4440,4390,4420,59131500,2032.29211425781
"2022-05-30",4460,4540,4420,4430,70833100,2036.88977050781
"2022-05-31",4460,4540,4440,4530,99567500,2082.86938476562
"2022-06-02",4550,4630,4530,4550,137664800,2092.06518554688
"2022-06-03",4580,4630,4540,4630,160576400,2128.8486328125
"2022-06-06",4310,4310,4310,4310,5083700,2327.88842773438
"2022-06-07",4010,4100,4010,4070,341714900,2198.26147460938
"2022-06-08",4030,4060,4000,4050,97305700,2187.45922851562
"2022-06-09",4050,4130,4040,4070,69345500,2198.26147460938
"2022-06-10",4050,4070,3900,3920,69686500,2117.24438476562
"2022-06-13",3830,3880,3740,3870,86455600,2090.23852539062
"2022-06-14",3860,3910,3810,3880,43898700,2095.63989257812
"2022-06-15",3880,3880,3680,3680,69214900,1987.6171875
"2022-06-16",3730,3860,3720,3820,64469500,2063.23315429688
"2022-06-17",3790,3790,3710,3730,43960700,2014.62280273438
"2022-06-20",3740,3770,3680,3730,27244500,2014.62280273438
"2022-06-21",3800,4070,3780,4030,153209600,2176.65673828125
"2022-06-22",4050,4170,4050,4120,127231900,2225.26708984375
"2022-06-23",4150,4160,3990,4090,64292400,2209.06372070312
"2022-06-24",4110,4140,4080,4090,34837300,2209.06372070312
"2022-06-27",4090,4090,3930,3970,40998500,2144.25
"2022-06-28",3990,4040,3960,4030,33674700,2176.65673828125
"2022-06-29",4020,4060,3980,3990,24862800,2155.05224609375
"2022-06-30",3890,3930,3790,3820,60279700,2063.23315429688
"2022-07-01",3820,3880,3700,3720,52894800,2009.22180175781
"2022-07-04",3720,3790,3620,3680,50271500,1987.6171875
"2022-07-05",3750,3970,3750,3950,60671300,2133.44799804688
"2022-07-06",3900,3920,3780,3860,26374200,2084.83764648438
"2022-07-07",3860,3900,3800,3850,14136700,2079.4365234375
"2022-07-08",3960,4010,3920,3930,37218100,2122.6455078125
"2022-07-11",3940,3970,3850,3870,11693400,2090.23852539062
"2022-07-12",3920,4010,3890,3980,36237800,2149.6513671875
"2022-07-13",4000,4050,3980,4030,43410200,2176.65673828125
"2022-07-14",4020,4080,3980,4060,36588500,2192.86010742188
"2022-07-15",4030,4030,3910,3940,21496700,2128.04663085938
"2022-07-18",3920,3940,3870,3890,15850200,2101.041015625
"2022-07-19",3880,4020,3870,3980,22969200,2149.6513671875
"2022-07-20",4020,4060,4020,4030,31963000,2176.65673828125
"2022-07-21",4040,4060,4010,4020,8932100,2171.255859375
"2022-07-22",4030,4090,4000,4050,20685700,2187.45922851562
"2022-07-25",4080,4120,4060,4060,17318700,2192.86010742188
"2022-07-26",4090,4110,4060,4090,19512700,2209.06372070312
"2022-07-27",4110,4300,4110,4270,77959700,2306.2841796875
"2022-07-28",4290,4310,4180,4270,46216600,2306.2841796875
"2022-07-29",4270,4350,4270,4300,42404400,2322.48754882812
"2022-08-01",4300,4340,4250,4280,26438200,2311.68530273438
"2022-08-02",4280,4300,4180,4190,22471500,2263.07495117188
"2022-08-03",4200,4270,4190,4230,18590500,2284.6796875
"2022-08-04",4230,4230,4100,4110,27594700,2219.86596679688
"2022-08-05",4080,4150,4030,4120,42041100,2225.26708984375
"2022-08-08",4100,4100,4010,4040,44836600,2182.05810546875
"2022-08-09",4070,4140,4050,4070,36672200,2198.26147460938
"2022-08-10",4100,4210,4080,4170,44328300,2252.27270507812
"2022-08-11",4250,4270,4140,4150,44076200,2241.47045898438
"2022-08-12",4150,4180,4110,4150,16067100,2241.47045898438
"2022-08-15",4150,4200,4110,4130,16300500,2230.66821289062
"2022-08-16",4130,4150,4070,4080,19514200,2203.66259765625
"2022-08-18",4130,4180,4100,4130,16799000,2230.66821289062
"2022-08-19",4170,4230,4150,4210,29511500,2273.87744140625
"2022-08-22",4200,4220,4080,4100,26489200,2214.46484375
"2022-08-23",4100,4280,4090,4250,45538300,2295.48168945312
"2022-08-24",4240,4340,4220,4330,41538600,2338.69091796875
"2022-08-25",4330,4510,4310,4360,126329500,2354.89428710938
"2022-08-26",4400,4420,4360,4360,40084500,2354.89428710938
"2022-08-29",4300,4390,4260,4360,34708100,2354.89428710938
"2022-08-30",4380,4430,4310,4340,34388600,2344.09204101562
"2022-08-31",4320,4330,4170,4250,74260800,2295.48168945312
"2022-09-01",4250,4320,4220,4240,32141600,2290.08056640625
"2022-09-02",4280,4320,4240,4260,27124700,2300.88305664062
"2022-09-05",4270,4470,4270,4450,73175300,2403.50439453125
"2022-09-06",4500,4530,4470,4470,35981300,2414.306640625
"2022-09-07",4460,4460,4370,4430,21382600,2392.7021484375
"2022-09-08",4400,4400,4310,4330,31126800,2338.69091796875
"2022-09-09",4330,4370,4260,4310,26030100,2327.88842773438
"2022-09-12",4340,4360,4310,4340,12531400,2344.09204101562
"2022-09-13",4360,4390,4330,4370,13358400,2360.29541015625
"2022-09-14",4370,4390,4310,4360,17757300,2354.89428710938
"2022-09-15",4390,4480,4380,4410,28087800,2381.89990234375
"2022-09-16",4410,4420,4300,4320,35922800,2333.28979492188
"2022-09-19",4320,4330,4200,4220,38555600,2279.2783203125
"2022-09-20",4230,4260,4180,4200,25845100,2268.47607421875
"2022-09-21",4200,4210,4160,4210,25503200,2273.87744140625
"2022-09-22",4210,4350,4200,4340,30196900,2344.09204101562
"2022-09-23",4320,4330,4250,4300,13667700,2322.48754882812
"2022-09-26",4210,4240,4090,4150,50781400,2241.47045898438
"2022-09-27",4150,4200,4140,4170,16453700,2252.27270507812
"2022-09-28",4140,4200,4140,4150,14137400,2241.47045898438
"2022-09-29",4160,4190,4130,4140,14467700,2236.06958007812
"2022-09-30",4120,4180,4070,4170,18311600,2252.27270507812
"2022-10-03",4150,4170,4130,4160,10035000,2246.87158203125
"2022-10-04",4230,4240,4200,4240,18377000,2290.08056640625
"2022-10-05",4250,4270,4200,4210,13327400,2273.87744140625
"2022-10-06",4200,4320,4200,4230,29068300,2284.6796875
"2022-10-07",4230,4290,4230,4290,13954900,2317.08642578125
"2022-10-10",4230,4240,4140,4150,30417100,2241.47045898438
"2022-10-11",4160,4250,4160,4220,13346800,2279.2783203125
"2022-10-12",4230,4300,4210,4260,23061800,2300.88305664062
"2022-10-13",4310,4330,4250,4250,30507400,2295.48168945312
"2022-10-14",4280,4300,4230,4230,14881500,2284.6796875
"2022-10-17",4230,4270,4180,4250,12921500,2295.48168945312
"2022-10-18",4280,4280,3960,3960,82991500,2138.84887695312
"2022-10-19",3720,3870,3690,3730,181494300,2014.62280273438
"2022-10-20",3750,3890,3750,3830,142412300,2068.63427734375
"2022-10-21",3860,3870,3790,3830,33609400,2068.63427734375
"2022-10-24",3840,3860,3780,3780,32953300,2041.62854003906
"2022-10-25",3780,3780,3730,3750,31677000,2025.42517089844
"2022-10-26",3710,3850,3710,3810,34456500,2057.83178710938
"2022-10-27",3850,3870,3780,3790,52332800,2047.02966308594
"2022-10-28",3810,3830,3780,3790,17110100,2047.02966308594
"2022-10-31",3810,3920,3800,3910,61756700,2111.84326171875
"2022-11-01",3880,3880,3740,3750,53983400,2025.42517089844
"2022-11-02",3750,3800,3710,3740,38596200,2020.02392578125
"2022-11-03",3750,3790,3720,3750,19265200,2025.42517089844
"2022-11-04",3760,3790,3750,3750,23911100,2025.42517089844
"2022-11-07",3760,3840,3760,3830,20922900,2068.63427734375
"2022-11-08",3800,3810,3760,3790,19180800,2047.02966308594
"2022-11-09",3780,3780,3660,3660,58128700,1976.81481933594
"2022-11-10",3550,3580,3430,3470,84559700,1874.19348144531
"2022-11-11",3470,3520,3460,3480,27996300,1879.59448242188
"2022-11-14",3490,3550,3460,3480,27835700,1879.59448242188
"2022-11-15",3510,3530,3470,3500,16334300,1890.39685058594
"2022-11-16",3540,3560,3490,3500,23171500,1890.39685058594
"2022-11-17",3500,3560,3460,3550,13789700,1917.40234375
"2022-11-18",3550,3570,3520,3550,11151000,1917.40234375
"2022-11-21",3550,3650,3550,3650,21065200,1971.41381835938
"2022-11-22",3650,3690,3630,3690,15741500,1993.01843261719
"2022-11-23",3690,3740,3680,3700,11413000,1998.41967773438
"2022-11-24",3700,3720,3680,3690,6081200,1993.01843261719
"2022-11-25",3690,3700,3640,3640,6007100,1966.0126953125
"2022-11-28",3640,3710,3640,3680,9513300,1987.6171875
"2022-11-29",3730,3770,3710,3750,14829100,2025.42517089844
"2022-11-30",3780,3810,3770,3800,26589900,2052.4306640625
"2022-12-01",3820,3850,3800,3810,13035900,2057.83178710938
"2022-12-02",3800,3810,3760,3770,8869700,2036.2275390625
"2022-12-05",3800,3800,3690,3690,10447500,1993.01843261719
"2022-12-06",3720,3730,3650,3660,10636100,1976.81481933594
"2022-12-07",3670,3740,3670,3690,15604000,1993.01843261719
"2022-12-08",3700,3710,3610,3700,12590200,1998.41967773438
"2022-12-09",3680,3680,3610,3620,11010300,1955.21032714844
"2022-12-12",3620,3820,3620,3800,24873400,2052.4306640625
"2022-12-13",3800,3800,3720,3720,13723700,2009.22180175781
"2022-12-14",3760,3840,3750,3790,21040500,2047.02966308594
"2022-12-15",3780,3830,3760,3770,14399200,2036.2275390625
"2022-12-16",3750,3800,3720,3800,15471000,2052.4306640625
"2022-12-19",3800,3820,3780,3820,11047100,2063.23315429688
"2022-12-20",3810,3820,3760,3770,12167500,2036.2275390625
"2022-12-21",3790,3790,3740,3760,6824700,2030.82629394531
"2022-12-22",3760,3800,3740,3760,5661500,2030.82629394531
"2022-12-23",3750,3760,3730,3740,6330000,2020.02392578125
"2022-12-26",3740,3750,3690,3700,9093600,1998.41967773438
"2022-12-27",3690,3710,3670,3690,6339500,1993.01843261719
"2022-12-28",3690,3710,3660,3670,5923500,1982.21606445312
"2022-12-29",3670,3690,3660,3670,5196900,1982.21606445312
"2022-12-30",3670,3700,3650,3690,9279800,1993.01843261719
"2023-01-02",3690,3740,3680,3690,3809800,1993.01843261719
"2023-01-03",3690,3740,3680,3730,8567800,2014.62280273438
"2023-01-04",3730,3730,3620,3620,13984400,1955.21032714844
"2023-01-05",3620,3630,3390,3410,29603400,1841.78649902344
"2023-01-06",3400,3500,3380,3430,17087900,1852.5888671875
"2023-01-09",3430,3450,3260,3280,33010300,1771.57189941406
"2023-01-10",3280,3370,3240,3360,17511900,1814.78088378906
"2023-01-11",3380,3410,3310,3400,11056600,1836.38549804688
"2023-01-12",3360,3380,3330,3330,10809700,1798.57763671875
"2023-01-13",3330,3360,3320,3330,6907600,1798.57763671875
"2023-01-16",3320,3350,3300,3320,6438200,1793.17639160156
"2023-01-17",3310,3390,3300,3350,8112900,1809.37976074219
"2023-01-18",3360,3460,3360,3410,10347000,1841.78649902344
"2023-01-19",3410,3490,3410,3490,9464800,1884.99560546875
"2023-01-20",3500,3570,3480,3570,12454900,1928.20471191406
"2023-01-24",3560,3560,3510,3540,12646500,1912.00134277344
"2023-01-25",3540,3540,3480,3480,9716900,1879.59448242188
"2023-01-26",3440,3440,3360,3390,16932400,1830.984375
"2023-01-27",3430,3480,3420,3470,12588300,1874.19348144531
"2023-01-30",3470,3540,3430,3450,8147600,1863.39111328125
"2023-01-31",3420,3480,3400,3400,16209800,1836.38549804688
"2023-02-01",3400,3430,3360,3380,13751700,1825.58312988281
"2023-02-02",3390,3420,3370,3420,12761100,1847.18774414062
"2023-02-03",3390,3400,3320,3330,17534100,1798.57763671875
"2023-02-06",3330,3350,3250,3260,31840600,1760.76977539062
"2023-02-07",3340,3470,3330,3470,34808600,1874.19348144531
"2023-02-08",3500,3530,3420,3490,15272900,1884.99560546875
"2023-02-09",3450,3490,3400,3480,15367900,1879.59448242188
"2023-02-10",3430,3430,3350,3370,20199900,1820.18225097656
"2023-02-13",3400,3440,3360,3370,12384800,1820.18225097656
"2023-02-14",3370,3430,3360,3400,7805600,1836.38549804688
"2023-02-15",3400,3510,3400,3440,18276700,1857.99011230469
"2023-02-16",3450,3520,3430,3510,13802700,1895.79809570312
"2023-02-17",3490,3500,3470,3490,8531200,1884.99560546875
"2023-02-20",3490,3580,3470,3570,11345300,1928.20471191406
"2023-02-21",3580,3580,3520,3520,5918800,1901.19897460938
"2023-02-22",3550,3590,3510,3540,6890700,1912.00134277344
"2023-02-23",3560,3610,3540,3560,8374700,1922.80358886719
"2023-02-24",3600,3680,3570,3660,15629200,1976.81481933594
"2023-02-27",3710,3780,3700,3730,17146400,2014.62280273438
"2023-02-28",3730,3870,3730,3860,36876800,2084.83764648438
"2023-03-01",3860,3900,3860,3880,19526100,2095.63989257812
"2023-03-02",3880,4000,3820,4000,36403900,2160.45336914062
"2023-03-03",4010,4020,3940,4010,24567900,2165.85473632812
"2023-03-06",4000,4000,3900,3990,19550700,2155.05224609375
"2023-03-07",3950,3970,3830,3830,24036800,2068.63427734375
"2023-03-08",3790,3890,3770,3860,22532000,2084.83764648438
"2023-03-09",3860,3940,3860,3940,23742100,2128.04663085938
"2023-03-10",3940,3940,3880,3890,12200200,2101.041015625
"2023-03-13",3890,3930,3860,3930,16218900,2122.6455078125
"2023-03-14",3920,3920,3830,3830,23028400,2068.63427734375
"2023-03-15",3850,3880,3810,3810,11839300,2057.83178710938
"2023-03-16",3790,3820,3640,3650,28905300,1971.41381835938
"2023-03-17",3660,3880,3660,3880,144938200,2095.63989257812
"2023-03-20",3810,3840,3760,3830,13420800,2068.63427734375
"2023-03-21",3810,3810,3750,3750,9262600,2025.42517089844
"2023-03-24",3770,3800,3710,3710,11071300,2003.82055664062
"2023-03-27",3730,3770,3700,3700,11044100,1998.41967773438
"2023-03-28",3740,3840,3710,3810,20342500,2057.83178710938
"2023-03-29",3860,3960,3830,3910,27957300,2111.84326171875
"2023-03-30",3920,3950,3850,3870,16050300,2090.23852539062
"2023-03-31",3870,3990,3870,3990,22278900,2155.05224609375
"2023-04-03",4000,4060,3990,4040,31523300,2182.05810546875
"2023-04-04",4090,4150,4050,4100,25067200,2214.46484375
"2023-04-05",4100,4100,4050,4070,12105400,2198.26147460938
"2023-04-06",4060,4090,4030,4030,9000200,2176.65673828125
"2023-04-10",4030,4050,3930,3960,13363600,2138.84887695312
"2023-04-11",3960,4010,3950,3980,12151300,2149.6513671875
"2023-04-12",3990,3990,3920,3920,16002900,2117.24438476562
"2023-04-13",3940,4060,3940,3980,21928200,2149.6513671875
"2023-04-14",3980,4030,3930,3970,18329300,2144.25
"2023-04-17",3970,4000,3940,3950,14543500,2133.44799804688
"2023-04-18",3950,4080,3950,4040,22457900,2182.05810546875
"2023-04-26",4040,4140,4040,4140,35310300,2236.06958007812
"2023-04-27",4140,4140,4110,4130,10775200,2230.66821289062
"2023-04-28",4130,4200,4120,4140,18429100,2236.06958007812
"2023-05-02",3860,3860,3860,3860,14301100,2084.83764648438
"2023-05-03",3590,3590,3590,3590,24435700,1939.00695800781
"2023-05-04",3510,3610,3390,3410,125846600,1841.78649902344
"2023-05-05",3400,3400,3310,3360,53580000,1814.78088378906
"2023-05-08",3380,3520,3380,3490,41505500,1884.99560546875
"2023-05-09",3510,3520,3470,3490,17810800,1884.99560546875
"2023-05-10",3490,3540,3480,3490,13856500,1884.99560546875
"2023-05-11",3500,3510,3420,3440,18151200,1857.99011230469
"2023-05-12",3440,3460,3400,3400,13302600,1836.38549804688
"2023-05-15",3400,3460,3380,3410,12768700,1841.78649902344
"2023-05-16",3430,3450,3340,3370,14421100,1820.18225097656
"2023-05-17",3370,3370,3250,3270,37555700,1766.17065429688
"2023-05-19",3250,3250,3100,3120,43420000,1685.15380859375
"2023-05-22",3140,3220,3140,3160,33256500,1706.75830078125
"2023-05-23",3160,3250,3150,3150,23083500,1701.35705566406
"2023-05-24",3150,3190,3110,3110,16240300,1679.75256347656
"2023-05-25",3050,3090,3010,3010,40149100,1625.7412109375
"2023-05-26",3000,3060,2930,2940,30321200,1587.93322753906
"2023-05-29",2980,2980,2840,2960,36353800,1598.73559570312
"2023-05-30",2960,3120,2930,3090,31065600,1668.95031738281
"2023-05-31",3040,3100,2990,3060,30729400,1652.74682617188
"2023-06-05",3090,3170,3080,3150,22083900,1701.35705566406
"2023-06-06",3240,3300,3200,3280,41069800,1771.57189941406
"2023-06-07",3260,3260,3170,3190,35833900,1722.96166992188
"2023-06-08",3230,3310,3210,3300,26853300,1782.37414550781
"2023-06-09",3320,3390,3270,3380,28242500,1825.58312988281
"2023-06-12",3390,3540,3390,3530,44733700,1906.60021972656
"2023-06-13",3520,3550,3460,3490,51190800,1884.99560546875
"2023-06-14",3510,3530,3440,3480,44344200,1879.59448242188
"2023-06-15",3490,3640,3460,3630,97154700,1960.61169433594
"2023-06-16",4000,4060,3820,3820,284014900,2063.23315429688
"2023-06-19",3820,3870,3770,3790,63449900,2047.02966308594
"2023-06-20",3810,3870,3810,3850,62961300,2079.4365234375
"2023-06-21",3870,3880,3840,3850,61158000,2079.4365234375
"2023-06-22",3850,3870,3750,3780,111652300,2041.62854003906
"2023-06-23",3780,3810,3680,3700,225347500,1998.41967773438
"2023-06-26",3150,3150,3150,3150,4857300,2415.63403320312
"2023-06-27",2680,2680,2680,2680,64168100,2055.2060546875
"2023-07-03",2670,2750,2660,2720,116625000,2085.880859375
"2023-07-04",2730,2750,2720,2730,33908200,2093.54956054688
"2023-07-05",2740,2810,2740,2780,47096400,2131.89306640625
"2023-07-06",2790,2830,2790,2810,33725200,2154.89892578125
"2023-07-07",2800,2800,2760,2770,26853600,2124.22436523438
"2023-07-10",2770,2800,2770,2780,20234400,2131.89306640625
"2023-07-11",2770,2770,2730,2760,24286200,2116.5556640625
"2023-07-12",2760,2760,2730,2730,26430800,2093.54956054688
"2023-07-13",2720,2740,2710,2740,16924300,2101.21826171875
"2023-07-14",2740,2790,2740,2770,22841800,2124.22436523438
"2023-07-17",2790,2810,2780,2790,20966500,2139.5615234375
"2023-07-18",2790,2800,2750,2750,17228700,2108.88671875
"2023-07-20",2770,2790,2760,2770,9100600,2124.22436523438
"2023-07-21",2780,2800,2770,2790,16007800,2139.5615234375
"2023-07-24",2820,2880,2800,2880,52006600,2208.57983398438
"2023-07-25",2890,2910,2840,2850,51691700,2185.57373046875
"2023-07-26",2860,2890,2850,2880,25935800,2208.57983398438
"2023-07-27",2880,2880,2830,2830,19828800,2170.236328125
"2023-07-28",2820,2820,2760,2800,15406900,2147.23022460938
"2023-07-31",2790,2820,2760,2770,25251600,2124.22436523438
"2023-08-01",2770,2790,2730,2730,23270900,2093.54956054688
"2023-08-02",2730,2760,2720,2740,13498100,2101.21826171875
"2023-08-03",2740,2760,2730,2740,8719400,2101.21826171875
"2023-08-04",2760,2810,2760,2780,17940600,2131.89306640625
"2023-08-07",2780,2790,2760,2770,8800700,2124.22436523438
"2023-08-08",2780,2800,2760,2770,12299300,2124.22436523438
"2023-08-09",2770,2800,2760,2780,12224700,2131.89306640625
"2023-08-10",2800,2820,2780,2790,13118900,2139.5615234375
"2023-08-11",2800,2800,2770,2770,9851300,2124.22436523438
"2023-08-14",2770,2790,2750,2780,11758100,2131.89306640625
"2023-08-15",2780,2810,2770,2790,15620300,2139.5615234375
"2023-08-16",2800,2800,2770,2770,8650100,2124.22436523438
"2023-08-18",2780,2820,2770,2790,21852700,2139.5615234375
"2023-08-21",2800,2820,2790,2800,19218000,2147.23022460938
"2023-08-22",2810,2990,2810,2990,116091200,2292.93530273438
"2023-08-23",3010,3070,3010,3020,64887800,2315.94116210938
"2023-08-24",3000,3020,2950,2950,35075400,2262.26049804688
"2023-08-25",2940,2950,2880,2910,19594600,2231.58569335938
"2023-08-28",2930,2980,2930,2970,17600500,2277.59790039062
"2023-08-29",3000,3010,2960,2960,25740000,2269.92919921875
"2023-08-30",2930,2940,2880,2910,26862600,2231.58569335938
"2023-08-31",2900,2900,2850,2860,17422300,2193.24243164062
"2023-09-01",2860,2890,2850,2880,9102500,2208.57983398438
"2023-09-04",2880,2960,2880,2920,24017100,2239.25439453125
"2023-09-05",2920,2960,2900,2930,21273000,2246.92333984375
"2023-09-06",2950,3000,2940,2990,40392900,2292.93530273438
"2023-09-07",2970,2980,2920,2920,23288700,2239.25439453125
"2023-09-08",2910,2960,2910,2930,12325600,2246.92333984375
"2023-09-11",2940,2950,2880,2880,16394900,2208.57983398438
"2023-09-12",2890,2910,2870,2870,10707800,2200.91088867188
"2023-09-13",2890,2900,2830,2830,22179100,2170.236328125
"2023-09-14",2860,2910,2860,2890,19874100,2216.24853515625
"2023-09-15",2890,2900,2850,2850,15248700,2185.57373046875
"2023-09-18",2850,2880,2830,2840,9005200,2177.90502929688
"2023-09-19",2850,2900,2800,2880,24105700,2208.57983398438
"2023-09-20",2880,2930,2860,2870,22569600,2200.91088867188
"2023-09-21",2870,2870,2810,2820,26347700,2162.56787109375
"2023-09-22",2800,2870,2780,2860,15150600,2193.24243164062
"2023-09-25",2870,2890,2840,2850,11448200,2185.57373046875
"2023-09-26",2870,2870,2800,2810,12175400,2154.89892578125
"2023-09-27",2810,2840,2790,2800,16730500,2147.23022460938
"2023-09-29",2810,2820,2790,2800,13238700,2147.23022460938
"2023-10-02",2810,2830,2790,2800,10995500,2147.23022460938
"2023-10-03",2800,2810,2740,2740,29890100,2101.21826171875
"2023-10-04",2710,2720,2680,2690,27672800,2062.87475585938
"2023-10-05",2680,2710,2650,2660,22059800,2039.86889648438
"2023-10-06",2660,2690,2640,2660,15054100,2039.86889648438
"2023-10-09",2690,2740,2680,2720,17938500,2085.880859375
"2023-10-10",2750,2780,2740,2750,16467200,2108.88671875
"2023-10-11",2780,2780,2700,2740,14138600,2101.21826171875
"2023-10-12",2740,2760,2700,2710,6972300,2078.21215820312
"2023-10-13",2740,2740,2690,2690,9031100,2062.87475585938
"2023-10-16",2700,2740,2700,2710,10559400,2078.21215820312
"2023-10-17",2710,2740,2710,2720,4603300,2085.880859375
"2023-10-18",2720,2750,2700,2720,8393100,2085.880859375
"2023-10-19",2730,2730,2680,2690,10048500,2062.87475585938
"2023-10-20",2700,2720,2670,2720,8034000,2085.880859375
"2023-10-23",2720,2720,2650,2660,15562700,2039.86889648438
"2023-10-24",2660,2690,2660,2670,4910200,2047.53747558594
"2023-10-25",2670,2710,2660,2690,7822600,2062.87475585938
"2023-10-26",2690,2700,2640,2660,8877200,2039.86889648438
"2023-10-27",2660,2680,2650,2660,3865600,2039.86889648438
"2023-10-30",2660,2680,2590,2590,13971700,1986.18811035156
"2023-10-31",2510,2540,2450,2480,35009600,1901.83264160156
"2023-11-01",2460,2470,2350,2360,29746200,1809.80834960938
"2023-11-02",2360,2410,2360,2380,14768500,1825.14575195312
"2023-11-03",2390,2420,2380,2390,15475300,1832.814453125
"2023-11-06",2400,2420,2390,2400,10389400,1840.48303222656
"2023-11-07",2400,2410,2350,2360,11316700,1809.80834960938
"2023-11-08",2360,2370,2310,2330,10537000,1786.80236816406
"2023-11-09",2350,2370,2330,2350,9197100,1802.13977050781
"2023-11-10",2350,2370,2340,2340,5557200,1794.47106933594
"2023-11-13",2340,2370,2340,2360,6214200,1809.80834960938
"2023-11-14",2360,2400,2360,2390,6851600,1832.814453125
"2023-11-15",2400,2430,2400,2400,7956100,1840.48303222656
"2023-11-16",2400,2410,2370,2380,4847000,1825.14575195312
"2023-11-17",2380,2410,2380,2400,4944200,1840.48303222656
"2023-11-20",2400,2440,2400,2420,5072600,1855.82055664062
"2023-11-21",2420,2440,2410,2430,4335600,1863.4892578125
"2023-11-22",2440,2490,2420,2420,8969300,1855.82055664062
"2023-11-23",2420,2440,2400,2430,3260600,1863.4892578125
"2023-11-24",2440,2480,2440,2460,5179400,1886.4951171875
"2023-11-27",2460,2480,2440,2440,7940300,1871.15783691406
"2023-11-28",2450,2470,2440,2440,4994200,1871.15783691406
"2023-11-29",2450,2460,2420,2420,5818000,1855.82055664062
"2023-11-30",2420,2440,2410,2420,6078200,1855.82055664062
"2023-12-01",2440,2450,2430,2430,6114400,1863.4892578125
"2023-12-04",2450,2470,2440,2460,7547600,1886.4951171875
"2023-12-05",2470,2470,2420,2420,5829600,1855.82055664062
"2023-12-06",2420,2440,2400,2410,7407000,1848.15173339844
"2023-12-07",2410,2440,2400,2420,9757500,1855.82055664062
"2023-12-08",2440,2440,2410,2410,10357500,1848.15173339844
"2023-12-11",2420,2440,2360,2370,11896500,1817.47717285156
"2023-12-12",2380,2400,2340,2350,9805900,1802.13977050781
"2023-12-13",2350,2350,2300,2300,10745300,1763.79638671875
"2023-12-14",2300,2340,2300,2310,6876400,1771.46496582031
"2023-12-15",2320,2410,2310,2310,23165500,1771.46496582031
"2023-12-18",2320,2360,2310,2330,11128000,1786.80236816406
"2023-12-19",2340,2370,2330,2370,7665600,1817.47717285156
"2023-12-20",2370,2410,2350,2360,9858700,1809.80834960938
"2023-12-21",2370,2390,2350,2380,6161100,1825.14575195312
"2023-12-22",2390,2410,2380,2400,7311600,1840.48303222656
"2023-12-27",2400,2450,2400,2440,10653600,1871.15783691406
"2023-12-28",2440,2470,2440,2460,8040000,1886.4951171875
"2023-12-29",2470,2470,2430,2440,8144200,1871.15783691406
"2024-01-02",2440,2550,2440,2530,20588900,1940.17590332031
"2024-01-03",2520,2540,2480,2530,15782700,1940.17590332031
"2024-01-04",2540,2690,2540,2650,36304400,2032.2001953125
"2024-01-05",2650,2700,2650,2660,20780900,2039.86889648438
"2024-01-08",2660,2680,2620,2630,14404100,2016.86267089844
"2024-01-09",2640,2650,2590,2630,12085800,2016.86267089844
"2024-01-10",2640,2660,2620,2650,10351400,2032.2001953125
"2024-01-11",2650,2650,2610,2620,6832800,2009.19409179688
"2024-01-12",2620,2650,2610,2640,7291900,2024.53137207031
"2024-01-15",2650,2720,2650,2710,20575200,2078.21215820312
"2024-01-16",2720,2720,2680,2700,9765000,2070.54345703125
"2024-01-17",2700,2720,2660,2660,12819400,2039.86889648438
"2024-01-18",2660,2660,2620,2640,8669100,2024.53137207031
"2024-01-19",2650,2650,2610,2620,6349700,2009.19409179688
"2024-01-22",2610,2630,2550,2550,15847200,1955.51330566406
"2024-01-23",2550,2590,2520,2540,8693800,1947.8447265625
"2024-01-24",2560,2580,2500,2510,7820000,1924.83862304688
"2024-01-25",2510,2580,2510,2570,9744300,1970.8505859375
"2024-01-26",2600,2600,2540,2570,5259500,1970.8505859375
"2024-01-29",2570,2590,2560,2570,5576600,1970.8505859375
"2024-01-30",2560,2610,2540,2590,8538000,1986.18811035156
"2024-01-31",2610,2660,2600,2610,14814000,2001.525390625
"2024-02-01",2610,2610,2560,2560,12264200,1963.18200683594
"2024-02-02",2560,2580,2540,2540,6281100,1947.8447265625
"2024-02-05",2550,2590,2540,2540,8566700,1947.8447265625
"2024-02-06",2550,2570,2540,2560,8824400,1963.18200683594
"2024-02-07",2560,2610,2560,2610,6168100,2001.525390625
"2024-02-12",2610,2660,2610,2650,11854100,2032.2001953125
"2024-02-13",2650,2660,2630,2640,5620100,2024.53137207031
"2024-02-15",2660,2700,2650,2660,10671400,2039.86889648438
"2024-02-16",2680,2690,2650,2680,13090200,2055.2060546875
"2024-02-19",2680,2690,2650,2690,10044100,2062.87475585938
"2024-02-20",2690,2690,2640,2640,9295000,2024.53137207031
"2024-02-21",2640,2640,2600,2610,7854800,2001.525390625
"2024-02-22",2610,2650,2600,2630,6881000,2016.86267089844
"2024-02-23",2630,2640,2610,2630,3933700,2016.86267089844
"2024-02-26",2640,2640,2580,2580,11071200,1978.51928710938
"2024-02-27",2600,2610,2590,2590,5649800,1986.18811035156
"2024-02-28",2600,2630,2600,2620,4858100,2009.19409179688
"2024-02-29",2620,2630,2560,2560,16546000,1963.18200683594
"2024-03-01",2590,2610,2570,2580,8631800,1978.51928710938
"2024-03-04",2590,2690,2590,2690,27146000,2062.87475585938
"2024-03-05",2740,2800,2740,2740,69921100,2101.21826171875
"2024-03-06",2760,2790,2730,2780,27998700,2131.89306640625
"2024-03-07",2780,2840,2750,2840,30004000,2177.90502929688
"2024-03-08",2840,2900,2810,2900,34845300,2223.9169921875
"2024-03-13",2900,2900,2800,2800,33678100,2147.23022460938
"2024-03-14",2800,2890,2800,2880,31781000,2208.57983398438
"2024-03-15",2890,2940,2840,2840,49866500,2177.90502929688
"2024-03-18",2860,2880,2840,2850,12802300,2185.57373046875
"2024-03-19",2850,2930,2850,2930,21766300,2246.92333984375
"2024-03-20",2920,2930,2890,2890,14828300,2216.24853515625
"2024-03-21",2900,2980,2900,2950,26602900,2262.26049804688
"2024-03-22",2950,2980,2940,2940,15643300,2254.591796875
"2024-03-25",2950,2950,2900,2930,13402300,2246.92333984375
"2024-03-26",2950,2950,2900,2940,13218400,2254.591796875
"2024-03-27",2940,2960,2940,2950,12763000,2262.26049804688
"2024-03-28",2970,2990,2950,2970,24637300,2277.59790039062
"2024-04-01",2970,2970,2850,2890,32364300,2216.24853515625
"2024-04-02",2890,2920,2860,2920,16327900,2239.25439453125
"2024-04-03",2920,2950,2900,2920,17802900,2239.25439453125
"2024-04-04",2910,2940,2880,2930,9335400,2246.92333984375
"2024-04-05",2930,2940,2910,2930,9068600,2246.92333984375
"2024-04-16",2940,3130,2930,3100,58080000,2377.29052734375
"2024-04-17",3120,3160,3060,3090,36783600,2369.6220703125
"2024-04-18",3100,3130,3030,3130,26810000,2400.29663085938
"2024-04-19",3130,3150,3090,3140,22919300,2407.96533203125
"2024-04-22",3140,3150,3060,3080,19618600,2361.95336914062
"2024-04-23",3080,3090,3050,3060,8395600,2346.61596679688
"2024-04-24",3080,3100,2870,2960,31018500,2269.92919921875
"2024-04-25",2960,2960,2870,2890,23582700,2216.24853515625
"2024-04-26",2900,2940,2880,2880,11557400,2208.57983398438
"2024-04-29",2900,3000,2860,3000,11267600,2300.60400390625
"2024-04-30",3000,3030,2980,3030,14322600,2323.60986328125
"2024-05-02",2760,2920,2750,2890,45398700,2216.24853515625
"2024-05-03",2910,2950,2890,2930,15044700,2246.92333984375
"2024-05-06",2940,2950,2910,2930,14822200,2246.92333984375
"2024-05-07",2940,2950,2870,2880,19836200,2208.57983398438
"2024-05-08",2900,3020,2790,2930,89508200,2246.92333984375
"2024-05-13",2950,2970,2910,2930,20604500,2246.92333984375
"2024-05-14",2940,2960,2920,2920,22326100,2239.25439453125
"2024-05-15",2940,2950,2900,2910,16338100,2231.58569335938
"2024-05-16",2920,2930,2900,2930,21537000,2246.92333984375
"2024-05-17",2930,2950,2910,2920,30769200,2239.25439453125
"2024-05-20",2930,2960,2910,2930,72080600,2246.92333984375
"2024-05-21",2550,2640,2530,2570,61531400,2280.38549804688
"2024-05-22",2570,2600,2570,2590,18229700,2298.13159179688
"2024-05-27",2600,2600,2520,2520,21414000,2236.02001953125
"2024-05-28",2540,2560,2510,2510,11910700,2227.14672851562
"2024-05-29",2520,2530,2460,2470,14743600,2191.65454101562
"2024-05-30",2470,2500,2420,2490,9640300,2209.40063476562
"2024-05-31",2500,2520,2490,2490,15709000,2209.40063476562
"2024-06-03",2500,2590,2500,2580,16723300,2289.25854492188
"2024-06-04",2590,2590,2560,2570,11333500,2280.38549804688
"2024-06-05",2570,2580,2500,2530,9835700,2244.89306640625
"2024-06-06",2530,2540,2500,2510,4891100,2227.14672851562
"2024-06-07",2520,2550,2510,2530,7711700,2244.89306640625
"2024-06-10",2530,2540,2470,2480,13448200,2200.52758789062
"2024-06-11",2480,2500,2440,2440,12171100,2165.03515625
"2024-06-12",2440,2460,2420,2430,6485000,2156.162109375
"2024-06-13",2430,2520,2430,2520,14098000,2236.02001953125
"2024-06-14",2520,2520,2450,2460,5659700,2182.78125
"2024-06-19",2460,2470,2420,2430,5276200,2156.162109375
"2024-06-20",2430,2450,2420,2420,6492600,2147.2890625
"2024-06-21",2430,2450,2380,2420,18936500,2147.2890625
"2024-06-24",2430,2440,2420,2430,6459100,2156.162109375
"2024-06-25",2440,2450,2410,2410,6880400,2138.41577148438
"2024-06-26",2410,2440,2400,2440,6341900,2165.03515625
"2024-06-27",2440,2440,2420,2430,4573400,2156.162109375
"2024-06-28",2430,2470,2430,2450,12859800,2173.908203125
"2024-07-01",2460,2500,2450,2500,9767100,2218.27368164062
"2024-07-02",2500,2520,2490,2490,9422500,2209.40063476562
"2024-07-03",2500,2530,2490,2500,10030300,2218.27368164062
"2024-07-04",2520,2570,2510,2530,18794900,2244.89306640625
"2024-07-05",2540,2570,2520,2540,9942000,2253.76611328125
"2024-07-08",2540,2560,2530,2550,7491700,2262.63916015625
"2024-07-09",2550,2570,2530,2530,10477700,2244.89306640625
"2024-07-10",2530,2560,2530,2540,7337200,2253.76611328125
"2024-07-11",2550,2560,2540,2550,4841300,2262.63916015625
"2024-07-12",2550,2560,2530,2530,7888600,2244.89306640625
"2024-07-15",2560,2560,2500,2520,12266200,2236.02001953125
"2024-07-16",2530,2550,2520,2530,6947800,2244.89306640625
"2024-07-17",2550,2550,2530,2540,7325200,2253.76611328125
"2024-07-18",2540,2630,2520,2620,26806000,2324.7509765625
"2024-07-19",2620,2680,2620,2630,30356300,2333.6240234375
"2024-07-22",2640,2700,2640,2680,18786400,2377.98950195312
"2024-07-23",2690,2720,2650,2650,21142700,2351.3701171875
"2024-07-24",2650,2680,2610,2620,11115400,2324.7509765625
"2024-07-25",2620,2660,2600,2610,10327000,2315.87768554688
"2024-07-26",2620,2670,2620,2660,8478400,2360.2431640625
"2024-07-29",2680,2700,2660,2670,10990800,2369.11645507812
"2024-07-30",2680,2690,2640,2640,7184600,2342.4970703125
"2024-07-31",2640,2680,2640,2680,10266700,2377.98950195312
"2024-08-01",2700,2700,2640,2670,9702200,2369.11645507812
"2024-08-02",2670,2740,2660,2720,22835800,2413.48193359375
"2024-08-05",2710,2710,2510,2560,48501700,2271.51220703125
"2024-08-06",2600,2630,2540,2590,19166600,2298.13159179688
"2024-08-07",2600,2630,2590,2610,10480400,2315.87768554688
"2024-08-08",2610,2620,2580,2590,8760900,2298.13159179688
"2024-08-09",2600,2620,2580,2580,7434400,2289.25854492188
"2024-08-12",2590,2650,2590,2650,13483400,2351.3701171875
"2024-08-13",2670,2680,2650,2660,8739100,2360.2431640625
"2024-08-14",2660,2720,2640,2720,22031400,2413.48193359375
"2024-08-15",2720,2720,2670,2700,19410100,2395.73559570312
"2024-08-16",2720,2750,2700,2730,25829000,2422.35498046875
"2024-08-19",2730,2730,2700,2710,11115900,2404.60864257812
"2024-08-20",2720,2730,2700,2720,9550300,2413.48193359375
"2024-08-21",2720,2740,2710,2710,12353000,2404.60864257812
"2024-08-22",2700,2740,2670,2720,17628700,2413.48193359375
"2024-08-23",2720,2790,2720,2760,22179900,2448.97412109375
"2024-08-26",2770,2790,2760,2770,12227700,2457.84741210938
"2024-08-27",2780,2820,2760,2780,16790600,2466.72045898438
"2024-08-28",2790,2800,2770,2780,10744200,2466.72045898438
"2024-08-29",2780,2810,2760,2780,15032300,2466.72045898438
"2024-08-30",2780,2780,2730,2730,21459200,2422.35498046875
"2024-09-02",2740,2820,2730,2820,30665600,2502.21264648438
"2024-09-03",2820,2850,2790,2800,14953700,2484.46655273438
"2024-09-04",2770,2810,2740,2760,14767300,2448.97412109375
"2024-09-05",2760,2780,2710,2750,14614200,2440.10107421875
"2024-09-06",2750,2750,2710,2710,13816400,2404.60864257812
"2024-09-09",2720,2730,2650,2680,22601600,2377.98950195312
"2024-09-10",2690,2710,2650,2670,17035500,2369.11645507812
"2024-09-11",2650,2690,2650,2660,9549300,2360.2431640625
"2024-09-12",2690,2750,2690,2720,20896600,2413.48193359375
"2024-09-13",2720,2740,2700,2730,10996900,2422.35498046875
"2024-09-17",2730,2820,2710,2800,32828500,2484.46655273438
"2024-09-18",2810,2820,2780,2780,9166700,2466.72045898438
"2024-09-19",2780,2800,2760,2780,10019700,2466.72045898438
"2024-09-20",2790,2950,2760,2950,85703000,2617.56298828125
"2024-09-23",2950,3130,2930,3120,127993400,2768.40551757812
"2024-09-24",3120,3140,3060,3100,42900500,2750.65942382812
"2024-09-25",3120,3160,3040,3080,41602600,2732.91333007812
"2024-09-26",3100,3120,3070,3110,30074500,2759.53247070312
"2024-09-27",3110,3140,3040,3140,43117300,2786.15185546875
"2024-09-30",3150,3180,3070,3080,37413700,2732.91333007812
"2024-10-01",3080,3120,2990,3070,55814500,2724.0400390625
"2024-10-02",3070,3080,3010,3050,23254500,2706.2939453125
"2024-10-03",3050,3080,3030,3060,18192500,2715.1669921875
"2024-10-04",3060,3100,2990,2990,27042800,2653.05541992188
"2024-10-07",3060,3140,3060,3100,31774800,2750.65942382812
"2024-10-08",3110,3120,3060,3080,21266900,2732.91333007812
"2024-10-09",3080,3080,3020,3050,14404900,2706.2939453125
"2024-10-10",3050,3070,3020,3020,15849000,2679.67456054688
"2024-10-11",3050,3060,3020,3030,10016300,2688.5478515625
"2024-10-14",3040,3120,3030,3100,30455100,2750.65942382812
"2024-10-15",3100,3140,3080,3100,24711000,2750.65942382812
"2024-10-16",3120,3120,3050,3080,21907400,2732.91333007812
"2024-10-17",3080,3090,3060,3060,12348900,2715.1669921875
"2024-10-18",3070,3080,3030,3050,12261800,2706.2939453125
"2024-10-21",3050,3050,3010,3020,15196900,2679.67456054688
"2024-10-22",3020,3050,3020,3040,7584100,2697.4208984375
"2024-10-23",3040,3050,2950,2950,29092600,2617.56298828125
"2024-10-24",2950,2970,2920,2920,13921900,2590.94360351562
"2024-10-25",2920,2940,2870,2880,17372800,2555.45141601562
"2024-10-28",2880,2910,2840,2870,16500200,2546.578125
"2024-10-29",2850,2870,2830,2850,9846900,2528.83203125
"2024-10-30",2850,2880,2800,2840,17122400,2519.958984375
"2024-10-31",2850,2960,2840,2960,22804100,2626.43603515625
"2024-11-01",2950,2950,2880,2920,14265400,2590.94360351562
"2024-11-04",2920,2920,2850,2870,9847800,2546.578125
"2024-11-05",2880,2920,2860,2890,13393700,2564.32446289062
"2024-11-06",2900,2900,2840,2860,9440000,2537.705078125
"2024-11-07",2860,2860,2810,2830,9943500,2511.0859375
"2024-11-08",2830,2840,2800,2800,9176000,2484.46655273438
"2024-11-11",2800,2800,2750,2770,16646500,2457.84741210938
"2024-11-12",2780,2890,2780,2870,18297100,2546.578125
"2024-11-13",2870,2890,2810,2810,11390000,2493.33959960938
"2024-11-14",2810,2810,2770,2770,8777600,2457.84741210938
"2024-11-15",2770,2800,2750,2750,8098700,2440.10107421875
"2024-11-18",2750,2770,2700,2720,11015500,2413.48193359375
"2024-11-19",2720,2790,2720,2770,6834200,2457.84741210938
"2024-11-20",2770,2780,2720,2740,5495500,2431.22802734375
"2024-11-21",2740,2770,2720,2720,4713200,2413.48193359375
"2024-11-22",2750,2780,2740,2770,5347300,2457.84741210938
"2024-11-25",2770,2830,2760,2800,12285400,2484.46655273438
"2024-11-26",2830,2830,2760,2760,6816800,2448.97412109375
"2024-11-28",2760,2790,2740,2790,5875400,2475.59350585938
"2024-11-29",2790,2790,2700,2700,10744500,2395.73559570312
"2024-12-02",2700,2730,2660,2670,12311800,2369.11645507812
"2024-12-03",2670,2710,2670,2700,6349300,2395.73559570312
"2024-12-04",2700,2750,2700,2710,10573800,2404.60864257812
"2024-12-05",2730,2770,2700,2740,8311500,2431.22802734375
"2024-12-06",2730,2730,2700,2730,7213200,2422.35498046875
"2024-12-09",2730,2760,2730,2750,10858500,2440.10107421875
"2024-12-10",2760,2860,2740,2830,28227200,2511.0859375
"2024-12-11",2830,2860,2790,2800,13120800,2484.46655273438
"2024-12-12",2800,2830,2780,2800,9050900,2484.46655273438
"2024-12-13",2800,2810,2770,2780,4660300,2466.72045898438
"2024-12-16",2780,2790,2720,2740,9329800,2431.22802734375
"2024-12-17",2740,2740,2670,2670,12049200,2369.11645507812
"2024-12-18",2670,2710,2660,2680,5529700,2377.98950195312
"2024-12-19",2680,2680,2570,2580,23987000,2289.25854492188
"2024-12-20",2590,2630,2590,2590,6238800,2298.13159179688
"2024-12-23",2600,2620,2590,2590,7109000,2298.13159179688
"2024-12-24",2600,2620,2590,2590,5148700,2298.13159179688
"2024-12-27",2600,2640,2600,2620,7571900,2324.7509765625
"2024-12-30",2630,2750,2620,2750,16423500,2440.10107421875
"2025-01-02",2750,2760,2670,2680,11358800,2377.98950195312
"2025-01-03",2700,2710,2680,2700,6270800,2395.73559570312
"2025-01-06",2700,2710,2650,2650,8069600,2351.3701171875
"2025-01-07",2650,2670,2610,2640,10403000,2342.4970703125
"2025-01-08",2610,2680,2610,2640,7642200,2342.4970703125
"2025-01-09",2640,2640,2610,2620,7940500,2324.7509765625
"2025-01-10",2610,2720,2610,2690,13279300,2386.86254882812
"2025-01-13",2690,2690,2610,2610,14542900,2315.87768554688
"2025-01-14",2610,2660,2600,2620,10125500,2324.7509765625
"2025-01-15",2620,2670,2620,2670,10005600,2369.11645507812
"2025-01-16",2670,2710,2670,2690,13448300,2386.86254882812
"2025-01-17",2690,2700,2660,2680,8275600,2377.98950195312
"2025-01-20",2670,2700,2660,2660,8433900,2360.2431640625
"2025-01-21",2680,2690,2670,2690,6286700,2386.86254882812
"2025-01-22",2690,2740,2690,2710,10055500,2404.60864257812
"2025-01-23",2710,2710,2680,2700,6637800,2395.73559570312
"2025-01-24",2700,2720,2680,2700,5699600,2395.73559570312
"2025-01-30",2700,2710,2660,2680,7985700,2377.98950195312
"2025-01-31",2660,2700,2630,2690,9102600,2386.86254882812
"2025-02-03",2690,2690,2650,2670,8952800,2369.11645507812
"2025-02-04",2680,2750,2670,2690,8784900,2386.86254882812
"2025-02-05",2680,2740,2680,2720,8030000,2413.48193359375
"2025-02-06",2720,2730,2650,2650,9826200,2351.3701171875
"2025-02-07",2650,2700,2600,2670,6640700,2369.11645507812
"2025-02-10",2670,2670,2620,2620,7866600,2324.7509765625
"2025-02-11",2620,2640,2600,2620,5596900,2324.7509765625
"2025-02-12",2620,2640,2590,2640,4652700,2342.4970703125
"2025-02-13",2640,2730,2610,2690,7256600,2386.86254882812
"2025-02-14",2680,2740,2660,2710,9924200,2404.60864257812
"2025-02-17",2710,2710,2680,2710,5549300,2404.60864257812
"2025-02-18",2710,2720,2680,2690,6466600,2386.86254882812
"2025-02-19",2700,2720,2660,2660,11910500,2360.2431640625
"2025-02-20",2670,2700,2630,2670,8642500,2369.11645507812
"2025-02-21",2660,2690,2640,2660,7654900,2360.2431640625
"2025-02-24",2650,2700,2630,2640,8644300,2342.4970703125
"2025-02-25",2650,2670,2610,2620,10908400,2324.7509765625
"2025-02-26",2620,2640,2600,2610,7508100,2315.87768554688
"2025-02-27",2610,2650,2610,2620,11462100,2324.7509765625
"2025-02-28",2600,2610,2480,2590,21109800,2298.13159179688
"2025-03-03",2590,2610,2530,2580,8847900,2289.25854492188
"2025-03-04",2580,2580,2470,2510,11829000,2227.14672851562
"2025-03-05",2510,2580,2500,2580,13004500,2289.25854492188
"2025-03-06",2580,2600,2560,2580,8411300,2289.25854492188
"2025-03-07",2570,2580,2550,2550,5569000,2262.63916015625
"2025-03-10",2550,2570,2510,2510,11349200,2227.14672851562
"2025-03-11",2500,2520,2480,2490,5507500,2209.40063476562
"2025-03-12",2490,2520,2480,2480,7374600,2200.52758789062
"2025-03-13",2480,2500,2450,2450,9681000,2173.908203125
"2025-03-14",2460,2480,2450,2450,5732000,2173.908203125
"2025-03-17",2450,2480,2420,2450,6458800,2173.908203125
"2025-03-18",2450,2460,2350,2420,13320600,2147.2890625
"2025-03-19",2400,2450,2380,2430,6280300,2156.162109375
"2025-03-20",2440,2470,2410,2410,7010200,2138.41577148438
"2025-03-21",2410,2410,2320,2320,13568500,2058.55810546875
"2025-03-24",2320,2350,2250,2300,13409000,2040.81188964844
"2025-03-25",2300,2470,2290,2450,13581800,2173.908203125
"2025-03-26",2460,2540,2460,2510,13483000,2227.14672851562
"2025-03-27",2510,2570,2510,2520,8070300,2236.02001953125
"2025-04-08",2320,2450,2300,2420,19199300,2147.2890625
"2025-04-09",2410,2550,2410,2460,12180100,2182.78125
"2025-04-10",2550,2680,2530,2680,27346700,2377.98950195312
"2025-04-11",2640,2690,2620,2680,13694600,2377.98950195312
"2025-04-14",2680,2740,2670,2740,13422200,2431.22802734375
"2025-04-15",2750,2770,2710,2760,13376700,2448.97412109375
"2025-04-16",2750,2760,2710,2710,13161700,2404.60864257812
"2025-04-17",2710,2750,2700,2730,7922200,2422.35498046875
"2025-04-21",2730,2740,2700,2730,8532900,2422.35498046875
"2025-04-22",2710,2800,2700,2760,19672500,2448.97412109375
"2025-04-23",2780,2820,2760,2780,18149700,2466.72045898438
"2025-04-24",2780,2810,2770,2780,13587300,2466.72045898438
"2025-04-25",2780,2820,2770,2780,22505600,2466.72045898438
"2025-04-28",2780,2810,2760,2770,26690700,2457.84741210938
"2025-04-29",2770,2840,2770,2790,26130000,2475.59350585938
"2025-04-30",2800,2850,2760,2760,35320900,2448.97412109375
"2025-05-02",2700,2750,2640,2740,21611100,2431.22802734375
"2025-05-05",2720,2730,2680,2720,16635000,2413.48193359375
"2025-05-06",2720,2730,2710,2710,10763800,2404.60864257812
"2025-05-07",2710,2770,2710,2760,14513800,2448.97412109375
"2025-05-08",2770,2780,2710,2720,15449000,2413.48193359375
"2025-05-09",2740,2740,2710,2710,10006700,2404.60864257812
"2025-05-14",2720,2790,2720,2790,19082400,2475.59350585938
"2025-05-15",2800,2810,2770,2770,19167800,2457.84741210938
"2025-05-16",2790,2880,2770,2860,53076400,2537.705078125
"2025-05-19",2860,2910,2860,2900,34963000,2573.19750976562
"2025-05-20",2920,2930,2800,2820,36974900,2502.21264648438
"2025-05-21",2810,2850,2780,2790,42906300,2475.59350585938
"2025-05-22",2790,2830,2790,2820,19170600,2502.21264648438
"2025-05-23",2830,2840,2820,2840,7835700,2519.958984375
"2025-05-26",2860,2860,2810,2830,15733300,2511.0859375
"2025-05-27",2840,2880,2830,2850,22143500,2528.83203125
"2025-05-28",2870,2900,2860,2890,30732700,2564.32446289062
"2025-06-02",2900,2900,2840,2860,23519300,2537.705078125
"2025-06-03",2870,2880,2840,2860,13790600,2537.705078125
"2025-06-04",2860,2870,2840,2850,13894600,2528.83203125
"2025-06-05",2850,2890,2840,2870,24750100,2546.578125
"2025-06-10",2870,2960,2870,2960,52866600,2626.43603515625
"2025-06-11",2960,3030,2960,3010,79019800,2670.80151367188
"2025-06-12",3030,3070,2890,2980,122174600,2644.18237304688
"2025-06-13",2980,2990,2950,2970,48234700,2635.30908203125
"2025-06-16",2980,3030,2980,3010,55322700,2670.80151367188
"2025-06-17",3010,3030,3000,3030,36623700,2688.5478515625
"2025-06-18",3030,3050,3010,3020,42362000,2679.67456054688
"2025-06-19",3020,3030,2960,2990,54886200,2653.05541992188
"2025-06-20",2990,3000,2930,2950,86319100,2617.56298828125
"2025-06-23",2520,2590,2510,2510,89814500,2510
"2025-06-24",2530,2550,2420,2440,50087000,2440
"2025-06-25",2460,2470,2400,2420,24482300,2420
"2025-06-26",2420,2420,2380,2400,17939900,2400
"2025-06-30",2420,2470,2410,2460,24171400,2460
"2025-07-01",2470,2490,2440,2460,11130800,2460
"2025-07-02",2460,2480,2420,2440,10843500,2440
"2025-07-03",2440,2460,2410,2420,14752400,2420
"2025-07-04",2430,2440,2420,2430,8575200,2430
"2025-07-07",2440,2440,2420,2440,5802100,2440
"2025-07-08",2440,2440,2400,2400,15150600,2400
"2025-07-09",2410,2420,2380,2390,12099400,2390
"2025-07-10",2400,2440,2390,2430,9847900,2430
"2025-07-11",2450,2490,2440,2480,22480400,2480
"2025-07-14",2500,2510,2480,2490,15473600,2490
"2025-07-15",2490,2500,2450,2470,8920800,2470
"2025-07-16",2470,2490,2460,2460,8773000,2460
"2025-07-17",2470,2480,2440,2440,12575300,2440
"2025-07-18",2450,2460,2440,2450,9030100,2450
"2025-07-21",2460,2460,2410,2420,13727500,2420
"2025-07-22",2430,2450,2420,2420,16287900,2420
"2025-07-23",2430,2450,2420,2440,8733700,2440
"2025-07-24",2440,2490,2440,2470,10467000,2470
"2025-07-25",2470,2480,2450,2450,7215000,2450
"2025-07-28",2470,2470,2450,2460,5804000,2460
"2025-07-29",2460,2470,2450,2460,5767100,2460
"2025-07-30",2460,2470,2440,2450,7429700,2450
"2025-07-31",2450,2460,2410,2420,13453400,2420
"2025-08-01",2420,2430,2400,2420,8947200,2420
"2025-08-04",2420,2430,2400,2400,12680300,2400
"2025-08-05",2410,2420,2400,2400,10816200,2400
"2025-08-06",2410,2420,2400,2420,16496700,2420
"2025-08-07",2430,2430,2400,2400,7148800,2400
"2025-08-08",2410,2420,2390,2400,14962200,2400
"2025-08-11",2400,2420,2400,2410,8915300,2410
"2025-08-12",2420,2440,2410,2440,9569000,2440
"2025-08-13",2440,2470,2440,2450,11480600,2450
"2025-08-14",2450,2460,2420,2420,8775800,2420
"2025-08-15",2430,2440,2420,2420,4658600,2420
"2025-08-18",NA,NA,NA,NA,NA,NA
"2025-08-19",2420,2430,2400,2400,9605000,2400
"2025-08-20",2420,2430,2400,2430,10212100,2430
"2025-08-21",2430,2440,2410,2430,8972300,2430
