"","date","confirmed","deaths","recovered"
"1",2020-01-03,NA,NA,NA
"2",2020-01-04,NA,NA,NA
"3",2020-01-05,NA,NA,NA
"4",2020-01-06,NA,NA,NA
"5",2020-01-07,NA,NA,NA
"6",2020-01-08,NA,NA,NA
"7",2020-01-09,NA,NA,NA
"8",2020-01-10,NA,NA,NA
"9",2020-01-11,NA,NA,NA
"10",2020-01-12,NA,NA,NA
"11",2020-01-13,NA,NA,NA
"12",2020-01-14,NA,NA,NA
"13",2020-01-15,NA,NA,NA
"14",2020-01-16,NA,NA,NA
"15",2020-01-17,NA,NA,NA
"16",2020-01-18,NA,NA,NA
"17",2020-01-19,NA,NA,NA
"18",2020-01-20,NA,NA,NA
"19",2020-01-21,NA,NA,NA
"20",2020-01-22,NA,NA,NA
"21",2020-01-23,NA,NA,NA
"22",2020-01-24,NA,NA,NA
"23",2020-01-25,NA,NA,NA
"24",2020-01-26,NA,NA,NA
"25",2020-01-27,NA,NA,NA
"26",2020-01-28,NA,NA,NA
"27",2020-01-29,NA,NA,NA
"28",2020-01-30,NA,NA,NA
"29",2020-01-31,NA,NA,NA
"30",2020-02-01,NA,NA,NA
"31",2020-02-02,NA,NA,NA
"32",2020-02-03,NA,NA,NA
"33",2020-02-04,NA,NA,NA
"34",2020-02-05,NA,NA,NA
"35",2020-02-06,NA,NA,NA
"36",2020-02-07,NA,NA,NA
"37",2020-02-08,NA,NA,NA
"38",2020-02-09,NA,NA,NA
"39",2020-02-10,NA,NA,NA
"40",2020-02-11,NA,NA,NA
"41",2020-02-12,NA,NA,NA
"42",2020-02-13,NA,NA,NA
"43",2020-02-14,NA,NA,NA
"44",2020-02-15,NA,NA,NA
"45",2020-02-16,NA,NA,NA
"46",2020-02-17,NA,NA,NA
"47",2020-02-18,NA,NA,NA
"48",2020-02-19,NA,NA,NA
"49",2020-02-20,NA,NA,NA
"50",2020-02-21,NA,NA,NA
"51",2020-02-22,NA,NA,NA
"52",2020-02-23,NA,NA,NA
"53",2020-02-24,NA,NA,NA
"54",2020-02-25,NA,NA,NA
"55",2020-02-26,NA,NA,NA
"56",2020-02-27,NA,NA,NA
"57",2020-02-28,NA,NA,NA
"58",2020-02-29,NA,NA,NA
"59",2020-03-01,NA,NA,NA
"60",2020-03-02,2,NA,NA
"61",2020-03-03,2,NA,NA
"62",2020-03-04,2,NA,NA
"63",2020-03-05,2,NA,NA
"64",2020-03-06,4,NA,NA
"65",2020-03-07,4,NA,NA
"66",2020-03-08,6,NA,NA
"67",2020-03-09,19,NA,NA
"68",2020-03-10,27,NA,2
"69",2020-03-11,34,1,NA
"70",2020-03-12,34,1,NA
"71",2020-03-13,69,4,NA
"72",2020-03-14,96,5,8
"73",2020-03-15,117,5,NA
"74",2020-03-16,134,5,NA
"75",2020-03-17,172,5,NA
"76",2020-03-18,227,19,11
"77",2020-03-19,311,25,NA
"78",2020-03-20,369,32,15
"79",2020-03-21,450,38,NA
"80",2020-03-22,514,48,29
"81",2020-03-23,579,49,NA
"82",2020-03-24,686,55,30
"83",2020-03-25,790,58,31
"84",2020-03-26,893,78,35
"85",2020-03-27,1046,87,46
"86",2020-03-28,1155,102,59
"87",2020-03-29,1285,114,64
"88",2020-03-30,1414,122,75
"89",2020-03-31,1528,136,81
"90",2020-04-01,1677,157,103
"91",2020-04-02,1790,170,112
"92",2020-04-03,1986,181,134
"93",2020-04-04,2092,191,150
"94",2020-04-05,2273,198,164
"95",2020-04-06,2491,209,192
"96",2020-04-07,2738,221,204
"97",2020-04-08,2956,240,222
"98",2020-04-09,3293,280,252
"99",2020-04-10,3512,306,282
"100",2020-04-11,3842,327,286
"101",2020-04-12,4241,373,359
"102",2020-04-13,4557,399,380
"103",2020-04-14,4839,459,426
"104",2020-04-15,5136,469,446
"105",2020-04-16,5516,496,548
"106",2020-04-17,5923,520,607
"107",2020-04-18,6248,535,631
"108",2020-04-19,6575,582,686
"109",2020-04-20,6760,590,747
"110",2020-04-21,7135,616,842
"111",2020-04-22,7418,635,913
"112",2020-04-23,7775,647,960
"113",2020-04-24,8211,689,1002
"114",2020-04-25,8607,720,1042
"115",2020-04-26,8882,743,1107
"116",2020-04-27,9096,765,1151
"117",2020-04-28,9511,773,1254
"118",2020-04-29,9771,784,1391
"119",2020-04-30,10118,792,1522
"120",2020-05-01,10551,800,1591
"121",2020-05-02,10843,831,1665
"122",2020-05-03,11192,845,1876
"123",2020-05-04,11587,864,1954
"124",2020-05-05,12071,872,2197
"125",2020-05-06,12438,895,2317
"126",2020-05-07,12776,930,2381
"127",2020-05-08,13112,943,2494
"128",2020-05-09,13645,959,2607
"129",2020-05-10,14032,973,2698
"130",2020-05-11,14265,991,2881
"131",2020-05-12,14749,1007,3063
"132",2020-05-13,15438,1028,3287
"133",2020-05-14,16006,1043,3518
"134",2020-05-15,16496,1076,3803
"135",2020-05-16,17025,1089,3911
"136",2020-05-17,17514,1148,4129
"137",2020-05-18,18010,1191,4324
"138",2020-05-19,18496,1221,4467
"139",2020-05-20,19189,1242,4575
"140",2020-05-21,20162,1278,4838
"141",2020-05-22,20796,1326,5057
"142",2020-05-23,21745,1351,5249
"143",2020-05-24,22271,1372,5402
"144",2020-05-25,22750,1391,5642
"145",2020-05-26,23165,1418,5877
"146",2020-05-27,23851,1473,6057
"147",2020-05-28,24538,1496,6240
"148",2020-05-29,25216,1520,6492
"149",2020-05-30,25773,1573,7015
"150",2020-05-31,26473,1613,7308
"151",2020-06-01,26940,1641,7637
"152",2020-06-02,27549,1663,7935
"153",2020-06-03,28233,1698,8406
"154",2020-06-04,28818,1721,8892
"155",2020-06-05,29521,1770,9443
"156",2020-06-06,30514,1801,9907
"157",2020-06-07,31186,1851,10498
"158",2020-06-08,32033,1883,10904
"159",2020-06-09,33076,1923,11414
"160",2020-06-10,34316,1959,12129
"161",2020-06-11,35295,2000,12636
"162",2020-06-12,36406,2048,13213
"163",2020-06-13,37420,2091,13776
"164",2020-06-14,38277,2134,14531
"165",2020-06-15,39294,2198,15123
"166",2020-06-16,40400,2231,15703
"167",2020-06-17,41431,2276,16243
"168",2020-06-18,42762,2339,16798
"169",2020-06-19,43803,2373,17349
"170",2020-06-20,45029,2429,17883
"171",2020-06-21,45891,2465,18404
"172",2020-06-22,46845,2500,18735
"173",2020-06-23,47896,2535,19241
"174",2020-06-24,49009,2573,19658
"175",2020-06-25,50187,2620,20449
"176",2020-06-26,51427,2683,21333
"177",2020-06-27,52812,2720,21909
"178",2020-06-28,54010,2754,22936
"179",2020-06-29,55092,2805,23800
"180",2020-06-30,56385,2876,24806
"181",2020-07-01,57770,2934,25595
"182",2020-07-02,59394,2987,26667
"183",2020-07-03,60695,3036,27568
"184",2020-07-04,62142,3089,28219
"185",2020-07-05,63749,3171,29105
"186",2020-07-06,64958,3241,29919
"187",2020-07-07,66226,3309,30785
"188",2020-07-08,68079,3359,31585
"189",2020-07-09,70736,3417,32651
"190",2020-07-10,72347,3469,33529
"191",2020-07-11,74018,3535,34719
"192",2020-07-12,75699,3606,35638
"193",2020-07-13,76981,3656,36689
"194",2020-07-14,78572,3710,37636
"195",2020-07-15,80094,3797,39050
"196",2020-07-16,81668,3873,40345
"197",2020-07-17,83130,3957,41834
"198",2020-07-18,84882,4016,43268
"199",2020-07-19,86521,4143,45401
"200",2020-07-20,88214,4239,46977
"201",2020-07-21,89869,4320,48466
"202",2020-07-22,91751,4459,50255
"203",2020-07-23,93657,4576,52164
"204",2020-07-24,95418,4665,53945
"205",2020-07-25,97286,4714,55354
"206",2020-07-26,98778,4781,56655
"207",2020-07-27,100303,4838,58173
"208",2020-07-28,102051,4901,60539
"209",2020-07-29,104432,4975,62138
"210",2020-07-30,106336,5058,64292
"211",2020-07-31,108376,5131,65907
"212",2020-08-01,109936,5193,67919
"213",2020-08-02,111455,5236,68975
"214",2020-08-03,113134,5302,70237
"215",2020-08-04,115056,5388,72050
"216",2020-08-05,116871,5452,73889
"217",2020-08-06,118753,5521,75645
"218",2020-08-07,121226,5593,77557
"219",2020-08-08,123503,5658,79306
"220",2020-08-09,125396,5723,80952
"221",2020-08-10,127083,5765,82236
"222",2020-08-11,128776,5824,83710
"223",2020-08-12,130718,5903,85798
"224",2020-08-13,132816,5968,87558
"225",2020-08-14,135123,6021,89618
"226",2020-08-15,137468,6071,91321
"227",2020-08-16,139549,6150,93103
"228",2020-08-17,141370,6207,94458
"229",2020-08-18,143043,6277,96306
"230",2020-08-19,144945,6346,98657
"231",2020-08-20,147211,6418,100674
"232",2020-08-21,149408,6500,102991
"233",2020-08-22,151498,6594,105198
"234",2020-08-23,153535,6680,107500
"235",2020-08-24,155412,6759,111060
"236",2020-08-25,157859,6858,112867
"237",2020-08-26,160165,6944,115409
"238",2020-08-27,162884,7064,118575
"239",2020-08-28,165887,7169,120900
"240",2020-08-29,169195,7261,122802
"241",2020-08-30,172053,7343,124185
"242",2020-08-31,174796,7417,125959
"243",2020-09-01,177571,7505,128057
"244",2020-09-02,180646,7616,129971
"245",2020-09-03,184268,7750,132055
"246",2020-09-04,187537,7832,134181
"247",2020-09-05,190665,7940,136401
"248",2020-09-06,194109,8025,138575
"249",2020-09-07,196989,8130,140652
"250",2020-09-08,200035,8230,142958
"251",2020-09-09,203342,8336,145200
"252",2020-09-10,207203,8456,147510
"253",2020-09-11,210940,8544,150217
"254",2020-09-12,214746,8650,152458
"255",2020-09-13,218382,8723,155010
"256",2020-09-14,221523,8841,158405
"257",2020-09-15,225030,8965,161065
"258",2020-09-16,228993,9100,164101
"259",2020-09-17,232628,9222,166686
"260",2020-09-18,236519,9336,170774
"261",2020-09-19,240687,9448,174350
"262",2020-09-20,244676,9553,177327
"263",2020-09-21,248852,9677,180797
"264",2020-09-22,252923,9837,184298
"265",2020-09-23,257388,9977,187958
"266",2020-09-24,262022,10105,191853
"267",2020-09-25,266845,10218,196196
"268",2020-09-26,271339,10308,199403
"269",2020-09-27,275213,10386,203014
"270",2020-09-28,278722,10473,206870
"271",2020-09-29,282724,10601,210437
"272",2020-09-30,287008,10740,214947
"273",2020-10-01,291182,10856,218487
"274",2020-10-02,295499,10972,221340
"275",2020-10-03,299506,11055,225052
"276",2020-10-04,303498,11151,228453
"277",2020-10-05,307120,11253,232593
"278",2020-10-06,311176,11374,236437
"279",2020-10-07,315714,11472,240291
"280",2020-10-08,320564,11580,244060
"281",2020-10-09,324658,11677,247667
"282",2020-10-10,328952,11765,251481
"283",2020-10-11,333449,11844,255027
"284",2020-10-12,336716,11935,258519
"285",2020-10-13,340622,12027,263296
"286",2020-10-14,344749,12156,267851
"287",2020-10-15,349160,12268,273661
"288",2020-10-16,353461,12347,277544
"289",2020-10-17,357762,12431,281592
"290",2020-10-18,361867,12511,285324
"291",2020-10-19,365240,12617,289243
"292",2020-10-20,368842,12734,293653
"293",2020-10-21,373109,12857,297509
"294",2020-10-22,377541,12959,301006
"295",2020-10-23,381910,13077,305100
"296",2020-10-24,385980,13205,309219
"297",2020-10-25,389712,13299,313764
"298",2020-10-26,392934,13411,317672
"299",2020-10-27,396454,13512,322248
"300",2020-10-28,400483,13612,325793
"301",2020-10-29,404048,13701,329778
"302",2020-10-30,406945,13782,334295
"303",2020-10-31,410088,13869,337801
"304",2020-11-01,412784,13943,341942
"305",2020-11-02,415402,14044,345566
"306",2020-11-03,418375,14146,349497
"307",2020-11-04,421731,14259,353282
"308",2020-11-05,425796,14348,357142
"309",2020-11-06,429574,14442,360705
"310",2020-11-07,433836,14540,364417
"311",2020-11-08,437716,14614,368298
"312",2020-11-09,440569,14689,372266
"313",2020-11-10,444348,14761,375741
"314",2020-11-11,448118,14836,378982
"315",2020-11-12,452291,14933,382084
"316",2020-11-13,457735,15037,385094
"317",2020-11-14,463007,15148,388094
"318",2020-11-15,467113,15211,391991
"319",2020-11-16,470648,15296,395443
"320",2020-11-17,474455,15393,398636
"321",2020-11-18,478720,15503,402347
"322",2020-11-19,483518,15600,406612
"323",2020-11-20,488310,15678,410552
"324",2020-11-21,493308,15774,413955
"325",2020-11-22,497668,15884,418188
"326",2020-11-23,502110,16002,422386
"327",2020-11-24,506302,16111,425313
"328",2020-11-25,511836,16225,429807
"329",2020-11-26,516753,16352,433649
"330",2020-11-27,522581,16521,437456
"331",2020-11-28,527999,16646,441983
"332",2020-11-29,534266,16815,445793
"333",2020-11-30,538883,16945,450518
"334",2020-12-01,543975,17081,454879
"335",2020-12-02,549508,17199,458880
"336",2020-12-03,557877,17355,462553
"337",2020-12-04,563680,17479,466178
"338",2020-12-05,569707,17589,470449
"339",2020-12-06,575796,17740,474771
"340",2020-12-07,581550,17867,479202
"341",2020-12-08,586842,18000,483497
"342",2020-12-09,592900,18171,487445
"343",2020-12-10,598933,18336,491975
"344",2020-12-11,605243,18511,496886
"345",2020-12-12,611631,18653,501376
"346",2020-12-13,617820,18819,505836
"347",2020-12-14,623309,18956,510957
"348",2020-12-15,629429,19111,516656
"349",2020-12-16,636154,19248,521984
"350",2020-12-17,643508,19390,526979
"351",2020-12-18,650197,19514,531995
"352",2020-12-19,657948,19659,536260
"353",2020-12-20,664930,19880,541811
"354",2020-12-21,671778,20085,546884
"355",2020-12-22,678125,20257,552722
"356",2020-12-23,685639,20408,558703
"357",2020-12-24,692838,20589,563980
"358",2020-12-25,700097,20847,570304
"359",2020-12-26,706837,20994,576693
"360",2020-12-27,713365,21237,583676
"361",2020-12-28,719219,21452,589978
"362",2020-12-29,727122,21703,596783
"363",2020-12-30,735124,21944,603741
"364",2020-12-31,743198,22138,611097
"365",2021-01-01,751270,22329,617936
"366",2021-01-02,758473,22555,625518
"367",2021-01-03,765350,22734,631937
"368",2021-01-04,772103,22911,639103
"369",2021-01-05,779548,23109,645746
"370",2021-01-06,788402,23296,652513
"371",2021-01-07,797723,23520,659437
"372",2021-01-08,808340,23753,666883
"373",2021-01-09,818386,23947,673511
"374",2021-01-10,828026,24129,681024
"375",2021-01-11,836718,24343,688739
"376",2021-01-12,846765,24645,695807
"377",2021-01-13,858043,24951,703464
"378",2021-01-14,869600,25246,711205
"379",2021-01-15,882418,25484,718696
"380",2021-01-16,896642,25767,727358
"381",2021-01-17,907929,25987,736460
"382",2021-01-18,917015,26282,745935
"383",2021-01-19,927380,26590,753948
"384",2021-01-20,939948,26857,763703
"385",2021-01-21,951651,27203,772790
"386",2021-01-22,965283,27453,781147
"387",2021-01-23,977474,27664,791059
"388",2021-01-24,989262,27835,798810
"389",2021-01-25,999256,28132,809488
"390",2021-01-26,1012350,28468,820356
"391",2021-01-27,1024298,28855,831330
"392",2021-01-28,1037993,29331,842122
"393",2021-01-29,1051795,29518,852260
"394",2021-01-30,1066313,29728,862502
"395",2021-01-31,1078314,29998,873221
"396",2021-02-01,1089308,30277,883682
"397",2021-02-02,1099687,30581,896530
"398",2021-02-03,1111671,30770,905665
"399",2021-02-04,1123105,31001,917306
"400",2021-02-05,1134854,31202,926980
"401",2021-02-06,1147010,31393,939184
"402",2021-02-07,1157837,31556,949990
"403",2021-02-08,1166079,31763,963028
"404",2021-02-09,1174779,31976,973452
"405",2021-02-10,1183555,32167,982972
"406",2021-02-11,1191990,32381,993117
"407",2021-02-12,1201859,32656,1004117
"408",2021-02-13,1210703,32936,1016036
"409",2021-02-14,1217468,33183,1025273
"410",2021-02-15,1223930,33367,1032065
"411",2021-02-16,1233959,33596,1039674
"412",2021-02-17,1243646,33788,1047676
"413",2021-02-18,1252685,33969,1058222
"414",2021-02-19,1263299,34152,1069005
"415",2021-02-20,1271353,34316,1078840
"416",2021-02-21,1278653,34489,1087076
"417",2021-02-22,1288833,34691,1096994
"418",2021-02-23,1298608,35014,1104990
"419",2021-02-24,1306141,35254,1112725
"420",2021-02-25,1314634,35518,1121411
"421",2021-02-26,1322866,35786,1128672
"422",2021-02-27,1329074,35981,1136054
"423",2021-02-28,1334634,36166,1142703
"424",2021-03-01,1341314,36325,1151915
"425",2021-03-02,1347026,36518,1160863
"426",2021-03-03,1353834,36721,1169916
"427",2021-03-04,1361098,36897,1176356
"428",2021-03-05,1368069,37026,1182687
"429",2021-03-06,1373836,37154,1189510
"430",2021-03-07,1379662,37266,1194656
"431",2021-03-08,1386556,37547,1203381
"432",2021-03-09,1392945,37757,1210877
"433",2021-03-10,1398578,37932,1216433
"434",2021-03-11,1403722,38049,1224603
"435",2021-03-12,1410134,38229,1231454
"436",2021-03-13,1414741,38329,1237470
"437",2021-03-14,1419455,38426,1243117
"438",2021-03-15,1425044,38573,1249947
"439",2021-03-16,1430458,38753,1257663
"440",2021-03-17,1437283,38915,1266673
"441",2021-03-18,1443853,39142,1272958
"442",2021-03-19,1450132,39339,1278965
"443",2021-03-20,1455788,39447,1284725
"444",2021-03-21,1460184,39550,1290790
"445",2021-03-22,1465928,39711,1297967
"446",2021-03-23,1471225,39865,1304921
"447",2021-03-24,1476452,39983,1312543
"448",2021-03-25,1482559,40081,1317199
"449",2021-03-26,1487541,40166,1322878
"450",2021-03-27,1492002,40364,1327121
"451",2021-03-28,1496085,40449,1331400
"452",2021-03-29,1501093,40581,1336818
"453",2021-03-30,1505775,40754,1342695
"454",2021-03-31,1511712,40858,1348330
"455",2021-04-01,1517854,41054,1355578
"456",2021-04-02,1523179,41151,1361017
"457",2021-04-03,1527524,41242,1366214
"458",2021-04-04,1534255,41669,1375877
"459",2021-04-05,1537967,41815,1381677
"460",2021-04-06,1542516,41977,1385973
"461",2021-04-07,1547376,42064,1391742
"462",2021-04-08,1552880,42227,1399382
"463",2021-04-09,1558145,42348,1405659
"464",2021-04-10,1562868,42443,1409288
"465",2021-04-11,1566995,42530,1414507
"466",2021-04-12,1571824,42656,1419796
"467",2021-04-13,1577526,42782,1426145
"468",2021-04-14,1583182,42906,1431892
"469",2021-04-15,1589359,43073,1438254
"470",2021-04-16,1594722,43196,1444229
"471",2021-04-17,1599763,43328,1450192
"472",2021-04-18,1604348,43424,1455065
"473",2021-04-19,1609300,43567,1461414
"474",2021-04-20,1614849,43777,1468142
"475",2021-04-21,1620569,44007,1475456
"476",2021-04-22,1626812,44172,1481449
"477",2021-04-23,1632248,44346,1487369
"478",2021-04-24,1636792,44500,1492322
"479",2021-04-25,1641194,44594,1496126
"480",2021-04-26,1647138,44771,1501715
"481",2021-04-27,1651794,44939,1506599
"482",2021-04-28,1657035,45116,1511417
"483",2021-04-29,1662868,45334,1517432
"484",2021-04-30,1668368,45521,1522634
"485",2021-05-01,1672880,45652,1526978
"486",2021-05-02,1677274,45796,1530718
"487",2021-05-03,1682004,45949,1535491
"488",2021-05-04,1686373,46137,1541149
"489",2021-05-05,1691658,46349,1547092
"490",2021-05-06,1697305,46496,1552532
"491",2021-05-07,1703632,46663,1558423
"492",2021-05-08,1709762,46842,1563917
"493",2021-05-09,1713684,47012,1568277
"494",2021-05-10,1718575,47218,1574615
"495",2021-05-11,1723596,47465,1580207
"496",2021-05-12,1728204,47617,1584878
"497",2021-05-13,1731652,47716,1589079
"498",2021-05-14,1734285,47823,1592886
"499",2021-05-15,1736670,47967,1597067
"500",2021-05-16,1739750,48093,1600857
"501",2021-05-17,1744045,48305,1606611
"502",2021-05-18,1748230,48477,1612239
"503",2021-05-19,1753101,48669,1616603
"504",2021-05-20,1758898,48887,1621572
"505",2021-05-21,1764644,49073,1626142
"506",2021-05-22,1769940,49205,1629495
"507",2021-05-23,1775220,49328,1633045
"508",2021-05-24,1781127,49455,1638279
"509",2021-05-25,1786187,49627,1642074
"510",2021-05-26,1791221,49771,1645263
"511",2021-05-27,1797499,49907,1649187
"512",2021-05-28,1803361,50100,1654557
"513",2021-05-29,1809926,50262,1659974
"514",2021-05-30,1816041,50404,1663998
"515",2021-05-31,1821703,50578,1669119
"516",2021-06-01,1826527,50723,1674479
"517",2021-06-02,1831773,50908,1680501
"518",2021-06-03,1837126,51095,1691593
"519",2021-06-04,1843612,51296,1697543
"520",2021-06-05,1850206,51449,1701784
"521",2021-06-06,1856038,51612,1705971
"522",2021-06-07,1863031,51803,1711565
"523",2021-06-08,1869325,51992,1717370
"524",2021-06-09,1877050,52162,1723253
"525",2021-06-10,1885942,52373,1728914
"526",2021-06-11,1894025,52566,1735144
"527",2021-06-12,1901490,52730,1740436
"528",2021-06-13,1911358,52879,1745091
"529",2021-06-14,1919547,53116,1751234
"530",2021-06-15,1927708,53280,1757641
"531",2021-06-16,1937652,53476,1763870
"532",2021-06-17,1950276,53753,1771220
"533",2021-06-18,1963266,54043,1779127
"534",2021-06-19,1976172,54291,1786143
"535",2021-06-20,1989909,54662,1792528
"536",2021-06-21,2004445,54956,1801761
"537",2021-06-22,2018113,55291,1810136
"538",2021-06-23,2033421,55594,1817303
"539",2021-06-24,2053995,55949,1826504
"540",2021-06-25,2072867,56371,1835061
"541",2021-06-26,2093962,56729,1842457
"542",2021-06-27,2115304,57138,1850481
"543",2021-06-28,2135998,57561,1859961
"544",2021-06-29,2156465,58024,1869606
"545",2021-06-30,2178272,58491,1880413
"546",2021-07-01,2203108,58995,1890287
"547",2021-07-02,2228938,59534,1901865
"548",2021-07-03,2256851,60027,1915147
"549",2021-07-04,2284084,60582,1928274
"550",2021-07-05,2313829,61140,1942690
"551",2021-07-06,2345018,61868,1958553
"552",2021-07-07,2379397,62908,1973388
"553",2021-07-08,2417788,63760,1994573
"554",2021-07-09,2455912,64631,2023548
"555",2021-07-10,2491006,65457,2052109
"556",2021-07-11,2527203,66464,2084724
"557",2021-07-12,2567630,67355,2119478
"558",2021-07-13,2615529,68219,2139601
"559",2021-07-14,2670046,69210,2157363
"560",2021-07-15,2726803,70192,2176412
"561",2021-07-16,2780803,71397,2204491
"562",2021-07-17,2832755,72489,2232394
"563",2021-07-18,2877476,73582,2261658
"564",2021-07-19,2911733,74920,2293875
"565",2021-07-20,2950058,76200,2323666
"566",2021-07-21,2983830,77583,2356553
"567",2021-07-22,3033339,79032,2392923
"568",2021-07-23,3082410,80598,2431911
"569",2021-07-24,3127826,82013,2471678
"570",2021-07-25,3166505,83279,2509318
"571",2021-07-26,3194733,84766,2549692
"572",2021-07-27,3239936,86835,2596820
"573",2021-07-28,3287727,88659,2640676
"574",2021-07-29,3331206,90552,2686170
"575",2021-07-30,3372374,92311,2730720
"576",2021-07-31,3409658,94119,2770092
"577",2021-08-01,3440396,95723,2809538
"578",2021-08-02,3462800,97291,2842345
"579",2021-08-03,3496700,98889,2873669
"580",2021-08-04,3532567,100636,2907920
"581",2021-08-05,3568331,102375,NA
"582",2021-08-06,3607863,104010,NA
"583",2021-08-07,3639616,105598,NA
"584",2021-08-08,3666031,107096,NA
"585",2021-08-09,3686740,108571,NA
"586",2021-08-10,3718821,110619,NA
"587",2021-08-11,3749446,112198,NA
"588",2021-08-12,3774155,113664,NA
"589",2021-08-13,3804943,115096,NA
"590",2021-08-14,3833541,116366,NA
"591",2021-08-15,3854354,117588,NA
"592",2021-08-16,3871738,118833,NA
"593",2021-08-17,3892479,120013,NA
"594",2021-08-18,3908247,121141,NA
"595",2021-08-19,3930300,122633,NA
"596",2021-08-20,3950304,123981,NA
"597",2021-08-21,3967048,125342,NA
"598",2021-08-22,3979456,126372,NA
"599",2021-08-23,3989060,127214,NA
"600",2021-08-24,4008166,128252,NA
"601",2021-08-25,4026837,129293,NA
"602",2021-08-26,4043736,130182,NA
"603",2021-08-27,4056354,130781,NA
"604",2021-08-28,4066404,131372,NA
"605",2021-08-29,4073831,131923,NA
"606",2021-08-30,4079267,132491,NA
"607",2021-08-31,4089801,133023,NA
"608",2021-09-01,4100138,133676,NA
"609",2021-09-02,4100138,133676,NA
"610",2021-09-03,4116890,134930,NA
"611",2021-09-04,4123617,135469,NA
"612",2021-09-05,4129020,135861,NA
"613",2021-09-06,4133433,136473,NA
"614",2021-09-07,4140634,137156,NA
"615",2021-09-08,4147365,137782,NA
"616",2021-09-09,4153355,138116,NA
"617",2021-09-10,4158731,138431,NA
"618",2021-09-11,4163732,138701,NA
"619",2021-09-12,4167511,138889,NA
"620",2021-09-13,4170088,139165,NA
"621",2021-09-14,4174216,139415,NA
"622",2021-09-15,4178164,139682,NA
"623",2021-09-16,4181309,139919,NA
"624",2021-09-17,4185144,140138,NA
"625",2021-09-18,4188529,140323,NA
"626",2021-09-19,4190763,140468,NA
"627",2021-09-20,4192695,140634,NA
"628",2021-09-21,4195958,140805,NA
"629",2021-09-22,4198678,140954,NA
"630",2021-09-23,4201559,141114,NA
"631",2021-09-24,4204116,141258,NA
"632",2021-09-25,4206253,141381,NA
"633",2021-09-26,4208013,141467,NA
"634",2021-09-27,4209403,141585,NA
"635",2021-09-28,4211460,141709,NA
"636",2021-09-29,4213414,141826,NA
"637",2021-09-30,4215104,141939,NA
"638",2021-10-01,4216728,142026,NA
"639",2021-10-02,4218142,142115,NA
"640",2021-10-03,4219284,142173,NA
"641",2021-10-04,4220206,142261,NA
"642",2021-10-05,4221610,142338,NA
"643",2021-10-06,4223094,142413,NA
"644",2021-10-07,4224487,142494,NA
"645",2021-10-08,4225871,142560,NA
"646",2021-10-09,4227038,142612,NA
"647",2021-10-10,4227932,142651,NA
"648",2021-10-11,4228552,142716,NA
"649",2021-10-12,4229813,142763,NA
"650",2021-10-13,4231046,142811,NA
"651",2021-10-14,4232099,142848,NA
"652",2021-10-15,4233014,142889,NA
"653",2021-10-16,4234011,142933,NA
"654",2021-10-17,4234758,142952,NA
"655",2021-10-18,4235384,142999,NA
"656",2021-10-19,4236287,143049,NA
"657",2021-10-20,4237201,143077,NA
"658",2021-10-21,4237834,143120,NA
"659",2021-10-22,4238594,143153,NA
"660",2021-10-23,4239396,143176,NA
"661",2021-10-24,4240019,143205,NA
"662",2021-10-25,4240479,143235,NA
"663",2021-10-26,4241090,143270,NA
"664",2021-10-27,4241809,143299,NA
"665",2021-10-28,4242532,143333,NA
"666",2021-10-29,4243215,143361,NA
"667",2021-10-30,4243835,143388,NA
"668",2021-10-31,4244358,143405,NA
"669",2021-11-01,4244761,143423,NA
"670",2021-11-02,4245373,143457,NA
"671",2021-11-03,4246174,143481,NA
"672",2021-11-04,4246802,143500,NA
"673",2021-11-05,4247320,143519,NA
"674",2021-11-06,4247721,143534,NA
"675",2021-11-07,4248165,143545,NA
"676",2021-11-08,4248409,143557,NA
"677",2021-11-09,4248843,143578,NA
"678",2021-11-10,4249323,143592,NA
"679",2021-11-11,4249758,143608,NA
"680",2021-11-12,4250157,143628,NA
"681",2021-11-13,4250516,143644,NA
"682",2021-11-14,4250855,143659,NA
"683",2021-11-15,4251076,143670,NA
"684",2021-11-16,4251423,143685,NA
"685",2021-11-17,4251945,143698,NA
"686",2021-11-18,4252345,143709,NA
"687",2021-11-19,4252705,143714,NA
"688",2021-11-20,4253098,143728,NA
"689",2021-11-21,4253412,143739,NA
"690",2021-11-22,4253598,143744,NA
"691",2021-11-23,4253992,143753,NA
"692",2021-11-24,4254443,143766,NA
"693",2021-11-25,4254815,143782,NA
"694",2021-11-26,4255268,143796,NA
"695",2021-11-27,4255672,143807,NA
"696",2021-11-28,4255936,143808,NA
"697",2021-11-29,4256112,143819,NA
"698",2021-11-30,4256409,143830,NA
"699",2021-12-01,4256687,143840,NA
"700",2021-12-02,4256998,143850,NA
"701",2021-12-03,4257243,143858,NA
"702",2021-12-04,4257489,143863,NA
"703",2021-12-05,4257685,143867,NA
"704",2021-12-06,4257815,143876,NA
"705",2021-12-07,4258076,143893,NA
"706",2021-12-08,4258340,143909,NA
"707",2021-12-09,4258560,143918,NA
"708",2021-12-10,4258752,143923,NA
"709",2021-12-11,4258980,143929,NA
"710",2021-12-12,4259143,143936,NA
"711",2021-12-13,4259249,143948,NA
"712",2021-12-14,4259439,143960,NA
"713",2021-12-15,4259644,143969,NA
"714",2021-12-16,4259857,143979,NA
"715",2021-12-17,4260148,143986,NA
"716",2021-12-18,4260380,143998,NA
"717",2021-12-19,4260544,144002,NA
"718",2021-12-20,4260677,144013,NA
"719",2021-12-21,4260893,144024,NA
"720",2021-12-22,4261072,144034,NA
"721",2021-12-23,4261208,144042,NA
"722",2021-12-24,4261412,144047,NA
"723",2021-12-25,4261667,144053,NA
"724",2021-12-26,4261667,144053,NA
"725",2021-12-27,4261879,144063,NA
"726",2021-12-28,4262157,144071,NA
"727",2021-12-29,4262351,144081,NA
"728",2021-12-30,4262540,144088,NA
"729",2021-12-31,4262720,144094,NA
"730",2022-01-01,4262994,144096,NA
"731",2022-01-02,4263168,144097,NA
"732",2022-01-03,4263433,144102,NA
"733",2022-01-04,4263732,144105,NA
"734",2022-01-05,4264136,144109,NA
"735",2022-01-06,4264669,144116,NA
"736",2022-01-07,4265187,144121,NA
"737",2022-01-08,4265666,144127,NA
"738",2022-01-09,4266195,144129,NA
"739",2022-01-10,4266649,144136,NA
"740",2022-01-11,4267451,144144,NA
"741",2022-01-12,4268097,144150,NA
"742",2022-01-13,4268890,144155,NA
"743",2022-01-14,4269740,144163,NA
"744",2022-01-15,4270794,144167,NA
"745",2022-01-16,4271649,144170,NA
"746",2022-01-17,4272421,144174,NA
"747",2022-01-18,4273783,144183,NA
"748",2022-01-19,4275528,144192,NA
"749",2022-01-20,4277644,144199,NA
"750",2022-01-21,4280248,144201,NA
"751",2022-01-22,4283453,144206,NA
"752",2022-01-23,4286378,144220,NA
"753",2022-01-24,4289305,144227,NA
"754",2022-01-25,4294183,144247,NA
"755",2022-01-26,4301193,144254,NA
"756",2022-01-27,4309270,144261,NA
"757",2022-01-28,4319175,144268,NA
"758",2022-01-29,4330763,144285,NA
"759",2022-01-30,4343185,144303,NA
"760",2022-01-31,4353370,144320,NA
"761",2022-02-01,4369391,144348,NA
"762",2022-02-02,4387286,144373,NA
"763",2022-02-03,4414483,144411,NA
"764",2022-02-04,4446694,144453,NA
"765",2022-02-05,4480423,144497,NA
"766",2022-02-06,4516480,144554,NA
"767",2022-02-07,4542601,144636,NA
"768",2022-02-08,4580093,144719,NA
"769",2022-02-09,4626936,144784,NA
"770",2022-02-10,4667554,144858,NA
"771",2022-02-11,4708043,144958,NA
"772",2022-02-12,4763252,145065,NA
"773",2022-02-13,4807778,145176,NA
"774",2022-02-14,4844279,145321,NA
"775",2022-02-15,4901328,145455,NA
"776",2022-02-16,4966046,145622,NA
"777",2022-02-17,5030002,145828,NA
"778",2022-02-18,5089637,146044,NA
"779",2022-02-19,5149021,146202,NA
"780",2022-02-20,5197505,146365,NA
"781",2022-02-21,5231923,146541,NA
"782",2022-02-22,5289414,146798,NA
"783",2022-02-23,5350902,147025,NA
"784",2022-02-24,5408328,147342,NA
"785",2022-02-25,5457775,147586,NA
"786",2022-02-26,5504418,147844,NA
"787",2022-02-27,5539394,148073,NA
"788",2022-02-28,5564448,148335,NA
"789",2022-03-01,5589176,148660,NA
"790",2022-03-02,5630096,149036,NA
"791",2022-03-03,5667355,149268,NA
"792",2022-03-04,5693702,149596,NA
"793",2022-03-05,5723858,149918,NA
"794",2022-03-06,5748725,150172,NA
"795",2022-03-07,5770105,150430,NA
"796",2022-03-08,5800253,150831,NA
"797",2022-03-09,5826589,151135,NA
"798",2022-03-10,5847900,151413,NA
"799",2022-03-11,5864010,151703,NA
"800",2022-03-12,5878910,151951,NA
"801",2022-03-13,5890495,152166,NA
"802",2022-03-14,5900124,152437,NA
"803",2022-03-15,5914532,152745,NA
"804",2022-03-16,5927550,152975,NA
"805",2022-03-17,5939082,153212,NA
"806",2022-03-18,5948610,153411,NA
"807",2022-03-19,5956561,153599,NA
"808",2022-03-20,5962483,153738,NA
"809",2022-03-21,5967182,153892,NA
"810",2022-03-22,5974646,154062,NA
"811",2022-03-23,5981022,154221,NA
"812",2022-03-24,5986830,154343,NA
"813",2022-03-25,5986830,154343,NA
"814",2022-03-26,5986830,154343,NA
"815",2022-03-27,5995876,154570,NA
"816",2022-03-28,6001751,154774,NA
"817",2022-03-29,6005646,154882,NA
"818",2022-03-30,6009486,155000,NA
"819",2022-03-31,6012818,155089,NA
"820",2022-04-01,6015748,155164,NA
"821",2022-04-02,6015748,155164,NA
"822",2022-04-03,6015748,155164,NA
"823",2022-04-04,6015748,155164,NA
"824",2022-04-05,6023924,155421,NA
"825",2022-04-06,6026324,155464,NA
"826",2022-04-07,6028413,155509,NA
"827",2022-04-08,6030168,155556,NA
"828",2022-04-09,6031636,155597,NA
"829",2022-04-10,6032707,155626,NA
"830",2022-04-11,6033903,155674,NA
"831",2022-04-12,6035358,155717,NA
"832",2022-04-13,6036909,155746,NA
"833",2022-04-14,6037742,155794,NA
"834",2022-04-15,6038664,155820,NA
"835",2022-04-16,6039266,155844,NA
"836",2022-04-17,6039873,155866,NA
"837",2022-04-18,6040432,155903,NA
"838",2022-04-19,6041269,155937,NA
"839",2022-04-20,6041269,155937,NA
"840",2022-04-21,6042595,156015,NA
"841",2022-04-22,6043246,156040,NA
"842",2022-04-23,6043768,156067,NA
"843",2022-04-24,6044150,156100,NA
"844",2022-04-25,6044467,156133,NA
"845",2022-04-26,6045043,156163,NA
"846",2022-04-27,6045660,156199,NA
"847",2022-04-28,6046072,156217,NA
"848",2022-04-29,6046467,156240,NA
"849",2022-04-30,6046796,156257,NA
"850",2022-05-01,6047040,156273,NA
"851",2022-05-02,6047208,156287,NA
"852",2022-05-03,6047315,156305,NA
"853",2022-05-04,6047491,156321,NA
"854",2022-05-05,6047741,156340,NA
"855",2022-05-06,6047986,156357,NA
"856",2022-05-07,6048204,156371,NA
"857",2022-05-08,6048431,156381,NA
"858",2022-05-09,6048685,156396,NA
"859",2022-05-10,6048685,156396,NA
"860",2022-05-11,6048685,156396,NA
"861",2022-05-12,6049876,156438,NA
"862",2022-05-13,6050211,156448,NA
"863",2022-05-14,6050519,156453,NA
"864",2022-05-15,6050776,156458,NA
"865",2022-05-16,6050958,156464,NA
"866",2022-05-17,6051205,156481,NA
"867",2022-05-18,6051532,156498,NA
"868",2022-05-19,6051850,156510,NA
"869",2022-05-20,6052100,156513,NA
"870",2022-05-21,6052363,156519,NA
"871",2022-05-22,6052590,156522,NA
"872",2022-05-23,6052764,156534,NA
"873",2022-05-24,6053109,156548,NA
"874",2022-05-25,6053424,156553,NA
"875",2022-05-26,6053670,156556,NA
"876",2022-05-27,6053894,156565,NA
"877",2022-05-28,6054173,156573,NA
"878",2022-05-29,6054415,156574,NA
"879",2022-05-30,6054633,156586,NA
"880",2022-05-31,6054973,156591,NA
"881",2022-06-01,6055341,156594,NA
"882",2022-06-02,6055645,156600,NA
"883",2022-06-03,6056017,156604,NA
"884",2022-06-04,6056412,156610,NA
"885",2022-06-05,6056800,156615,NA
"886",2022-06-06,6057142,156622,NA
"887",2022-06-07,6057660,156624,NA
"888",2022-06-08,6058180,156628,NA
"889",2022-06-09,6058736,156635,NA
"890",2022-06-10,6059363,156638,NA
"891",2022-06-11,6059937,156641,NA
"892",2022-06-12,6060488,156643,NA
"893",2022-06-13,6061079,156652,NA
"894",2022-06-14,6062009,156662,NA
"895",2022-06-15,6063251,156670,NA
"896",2022-06-16,6064424,156673,NA
"897",2022-06-17,6065644,156679,NA
"898",2022-06-18,6066908,156684,NA
"899",2022-06-19,6068075,156687,NA
"900",2022-06-20,6069255,156695,NA
"901",2022-06-21,6070933,156700,NA
"902",2022-06-22,6072918,156702,NA
"903",2022-06-23,6074825,156706,NA
"904",2022-06-24,6076894,156711,NA
"905",2022-06-25,6078725,156714,NA
"906",2022-06-26,6080451,156717,NA
"907",2022-06-27,6081896,156726,NA
"908",2022-06-28,6084063,156728,NA
"909",2022-06-29,6086212,156731,NA
"910",2022-06-30,6088460,156737,NA
"911",2022-07-01,6090509,156740,NA
"912",2022-07-02,6092303,156745,NA
"913",2022-07-03,6093917,156749,NA
"914",2022-07-04,6095351,156758,NA
"915",2022-07-05,6097928,156766,NA
"916",2022-07-06,6100671,156770,NA
"917",2022-07-07,6103552,156776,NA
"918",2022-07-08,6106024,156781,NA
"919",2022-07-09,6108729,156785,NA
"920",2022-07-10,6111305,156791,NA
"921",2022-07-11,6112986,156798,NA
"922",2022-07-12,6116347,156806,NA
"923",2022-07-13,6120169,156818,NA
"924",2022-07-14,6123753,156827,NA
"925",2022-07-15,6127084,156833,NA
"926",2022-07-16,6131413,156839,NA
"927",2022-07-17,6134953,156849,NA
"928",2022-07-18,6138346,156859,NA
"929",2022-07-19,6143431,156865,NA
"930",2022-07-20,6149084,156875,NA
"931",2022-07-21,6154494,156880,NA
"932",2022-07-22,6159328,156893,NA
"933",2022-07-23,6164271,156902,NA
"934",2022-07-24,6168342,156902,NA
"935",2022-07-25,6172390,156916,NA
"936",2022-07-26,6178873,156929,NA
"937",2022-07-27,6185311,156940,NA
"938",2022-07-28,6191664,156957,NA
"939",2022-07-29,6197495,156970,NA
"940",2022-07-30,6202893,156983,NA
"941",2022-07-31,6207098,156993,NA
"942",2022-08-01,6210794,157004,NA
"943",2022-08-02,6216621,157028,NA
"944",2022-08-03,6222788,157046,NA
"945",2022-08-04,6229315,157060,NA
"946",2022-08-05,6235244,157072,NA
"947",2022-08-06,6240699,157082,NA
"948",2022-08-07,6244978,157095,NA
"949",2022-08-08,6249403,157113,NA
"950",2022-08-09,6255679,157131,NA
"951",2022-08-10,6261605,157149,NA
"952",2022-08-11,6267137,157171,NA
"953",2022-08-12,6273228,157189,NA
"954",2022-08-13,6278332,157208,NA
"955",2022-08-14,6282774,157226,NA
"956",2022-08-15,6286362,157252,NA
"957",2022-08-16,6292231,157277,NA
"958",2022-08-17,6297484,157296,NA
"959",2022-08-18,6301523,157317,NA
"960",2022-08-19,6306686,157343,NA
"961",2022-08-20,6311608,157365,NA
"962",2022-08-21,6315557,157377,NA
"963",2022-08-22,6318857,157396,NA
"964",2022-08-23,6323715,157420,NA
"965",2022-08-24,6329143,157438,NA
"966",2022-08-25,6334357,157457,NA
"967",2022-08-26,6338906,157478,NA
"968",2022-08-27,6343076,157493,NA
"969",2022-08-28,6346304,157500,NA
"970",2022-08-29,6349175,157521,NA
"971",2022-08-30,6354245,157541,NA
"972",2022-08-31,6358808,157566,NA
"973",2022-09-01,6362902,157591,NA
"974",2022-09-02,6366518,157608,NA
"975",2022-09-03,6369778,157631,NA
"976",2022-09-04,6372542,157647,NA
"977",2022-09-05,6374882,157668,NA
"978",2022-09-06,6378489,157696,NA
"979",2022-09-07,6382002,157717,NA
"980",2022-09-08,6385140,157729,NA
"981",2022-09-09,6387944,157741,NA
"982",2022-09-10,6390553,157757,NA
"983",2022-09-11,6392492,157770,NA
"984",2022-09-12,6394340,157787,NA
"985",2022-09-13,6397236,157807,NA
"986",2022-09-14,6400035,157828,NA
"987",2022-09-15,6402686,157849,NA
"988",2022-09-16,6405044,157876,NA
"989",2022-09-17,6407123,157884,NA
"990",2022-09-18,6408806,157892,NA
"991",2022-09-19,6410426,157915,NA
"992",2022-09-20,6412944,157930,NA
"993",2022-09-21,6415328,157948,NA
"994",2022-09-22,6417490,157966,NA
"995",2022-09-23,6419394,157986,NA
"996",2022-09-24,6421118,157998,NA
"997",2022-09-25,6422529,158014,NA
"998",2022-09-26,6423873,158036,NA
"999",2022-09-27,6425849,158057,NA
"1000",2022-09-28,6427764,158076,NA
"1001",2022-09-29,6429767,158093,NA
"1002",2022-09-30,6431624,158112,NA
"1003",2022-10-01,6433263,158122,NA
"1004",2022-10-02,6434585,158132,NA
"1005",2022-10-03,6435719,158143,NA
"1006",2022-10-04,6437750,158156,NA
"1007",2022-10-05,6439292,158165,NA
"1008",2022-10-06,6441123,158177,NA
"1009",2022-10-07,6442624,158192,NA
"1010",2022-10-08,6443949,158198,NA
"1011",2022-10-09,6444948,158205,NA
"1012",2022-10-10,6446143,158219,NA
"1013",2022-10-11,6448220,158235,NA
"1014",2022-10-12,6450248,158249,NA
"1015",2022-10-13,6452078,158263,NA
"1016",2022-10-14,6453864,158281,NA
"1017",2022-10-15,6455542,158301,NA
"1018",2022-10-16,6456868,158313,NA
"1019",2022-10-17,6458101,158327,NA
"1020",2022-10-18,6460265,158345,NA
"1021",2022-10-19,6462655,158361,NA
"1022",2022-10-20,6464962,158380,NA
"1023",2022-10-21,6467189,158398,NA
"1024",2022-10-22,6469276,158416,NA
"1025",2022-10-23,6470961,158429,NA
"1026",2022-10-24,6472664,158454,NA
"1027",2022-10-25,6475672,158475,NA
"1028",2022-10-26,6478720,158499,NA
"1029",2022-10-27,6481749,158522,NA
"1030",2022-10-28,6484764,158544,NA
"1031",2022-10-29,6487905,158571,NA
"1032",2022-10-30,6490622,158597,NA
"1033",2022-10-31,6493079,158631,NA
"1034",2022-11-01,6497786,158663,NA
"1035",2022-11-02,6502659,158695,NA
"1036",2022-11-03,6507610,158737,NA
"1037",2022-11-04,6512913,158768,NA
"1038",2022-11-05,6517630,158807,NA
"1039",2022-11-06,6521292,158829,NA
"1040",2022-11-07,6525120,158871,NA
"1041",2022-11-08,6531721,158909,NA
"1042",2022-11-09,6537907,158952,NA
"1043",2022-11-10,6544201,158989,NA
"1044",2022-11-11,6550448,159035,NA
"1045",2022-11-12,6556627,159068,NA
"1046",2022-11-13,6561504,159104,NA
"1047",2022-11-14,6565912,159158,NA
"1048",2022-11-15,6573805,159199,NA
"1049",2022-11-16,6582291,159253,NA
"1050",2022-11-17,6590113,159291,NA
"1051",2022-11-18,6596812,159323,NA
"1052",2022-11-19,6603195,159348,NA
"1053",2022-11-20,6608367,159379,NA
"1054",2022-11-21,6612673,159422,NA
"1055",2022-11-22,6620317,159473,NA
"1056",2022-11-23,6627538,159524,NA
"1057",2022-11-24,6634648,159565,NA
"1058",2022-11-25,6640624,159600,NA
"1059",2022-11-26,6646093,159641,NA
"1060",2022-11-27,6650244,159676,NA
"1061",2022-11-28,6653469,159735,NA
"1062",2022-11-29,6659235,159789,NA
"1063",2022-11-30,6664844,159830,NA
"1064",2022-12-01,6669821,159884,NA
"1065",2022-12-02,6674000,159921,NA
"1066",2022-12-03,6677655,159953,NA
"1067",2022-12-04,6680203,159978,NA
"1068",2022-12-05,6682437,160026,NA
"1069",2022-12-06,6686181,160071,NA
"1070",2022-12-07,6689532,160112,NA
"1071",2022-12-08,6692509,160139,NA
"1072",2022-12-09,6695010,160175,NA
"1073",2022-12-10,6697201,160198,NA
"1074",2022-12-11,6698790,160224,NA
"1075",2022-12-12,6700015,160255,NA
"1076",2022-12-13,6702132,160287,NA
"1077",2022-12-14,6704268,160311,NA
"1078",2022-12-15,6706053,160335,NA
"1079",2022-12-16,6707504,160362,NA
"1080",2022-12-17,6708737,160384,NA
"1081",2022-12-18,6709597,160398,NA
"1082",2022-12-19,6710406,160424,NA
"1083",2022-12-20,6711703,160451,NA
"1084",2022-12-21,6712826,160466,NA
"1085",2022-12-22,6713879,160488,NA
"1086",2022-12-23,6714802,160507,NA
"1087",2022-12-24,6715586,160524,NA
"1088",2022-12-25,6716124,160537,NA
"1089",2022-12-26,6716592,160551,NA
"1090",2022-12-27,6717395,160560,NA
"1091",2022-12-28,6718090,160574,NA
"1092",2022-12-29,6718775,160583,NA
"1093",2022-12-30,6719327,160593,NA
"1094",2022-12-31,6719815,160612,NA
"1095",2023-01-01,6720181,160619,NA
"1096",2023-01-02,6720443,160635,NA
"1097",2023-01-03,6721095,160648,NA
"1098",2023-01-04,6721692,160657,NA
"1099",2023-01-05,6722227,160665,NA
"1100",2023-01-06,6722746,160673,NA
"1101",2023-01-07,6723201,160679,NA
"1102",2023-01-08,6723546,160683,NA
"1103",2023-01-09,6723812,160694,NA
"1104",2023-01-10,6724281,160697,NA
"1105",2023-01-11,6724683,160705,NA
"1106",2023-01-12,6725095,160711,NA
"1107",2023-01-13,6725458,160719,NA
"1108",2023-01-14,6725847,160724,NA
"1109",2023-01-15,6726086,160727,NA
"1110",2023-01-16,6726311,160739,NA
"1111",2023-01-17,6726668,160746,NA
"1112",2023-01-18,6727007,160756,NA
"1113",2023-01-19,6727317,160764,NA
"1114",2023-01-20,6727609,160772,NA
"1115",2023-01-21,6727847,160777,NA
"1116",2023-01-22,6728065,160781,NA
"1117",2023-01-23,6728184,160788,NA
"1118",2023-01-24,6728402,160793,NA
"1119",2023-01-25,6728676,160795,NA
"1120",2023-01-26,6728998,160799,NA
"1121",2023-01-27,6729209,160801,NA
"1122",2023-01-28,6729408,160802,NA
"1123",2023-01-29,6729573,160803,NA
"1124",2023-01-30,6729756,160810,NA
"1125",2023-01-31,6730016,160814,NA
"1126",2023-02-01,6730289,160817,NA
"1127",2023-02-02,6730537,160822,NA
"1128",2023-02-03,6730778,160826,NA
"1129",2023-02-04,6730964,160831,NA
"1130",2023-02-05,6731135,160832,NA
"1131",2023-02-06,6731304,160838,NA
"1132",2023-02-07,6731696,160847,NA
"1133",2023-02-08,6731959,160852,NA
"1134",2023-02-09,6732179,160855,NA
"1135",2023-02-10,6732418,160858,NA
"1136",2023-02-11,6732618,160860,NA
"1137",2023-02-12,6732799,160864,NA
"1138",2023-02-13,6732968,160870,NA
"1139",2023-02-14,6733215,160873,NA
"1140",2023-02-15,6733478,160878,NA
"1141",2023-02-16,6733697,160880,NA
"1142",2023-02-17,6733912,160884,NA
"1143",2023-02-18,6734102,160884,NA
"1144",2023-02-19,6734215,160886,NA
"1145",2023-02-20,6734334,160888,NA
"1146",2023-02-21,6734606,160892,NA
"1147",2023-02-22,6734818,160894,NA
"1148",2023-02-23,6735033,160897,NA
"1149",2023-02-24,6735269,160902,NA
"1150",2023-02-25,6735451,160905,NA
"1151",2023-02-26,6735628,160908,NA
"1152",2023-02-27,6735780,160911,NA
"1153",2023-02-28,6736046,160914,NA
"1154",2023-03-01,6736298,160916,NA
"1155",2023-03-02,6736576,160920,NA
"1156",2023-03-03,6736787,160925,NA
"1157",2023-03-04,6736994,160928,NA
"1158",2023-03-05,6737159,160930,NA
"1159",2023-03-06,6737303,160932,NA
"1160",2023-03-07,6737606,160934,NA
"1161",2023-03-08,6737918,160937,NA
"1162",2023-03-09,6738225,160941,NA
"1163",2023-03-10,NA,NA,NA
"1164",2023-03-11,NA,NA,NA
"1165",2023-03-12,NA,NA,NA
"1166",2023-03-13,NA,NA,NA
"1167",2023-03-14,NA,NA,NA
"1168",2023-03-15,NA,NA,NA
"1169",2023-03-16,NA,NA,NA
"1170",2023-03-17,NA,NA,NA
"1171",2023-03-18,NA,NA,NA
"1172",2023-03-19,NA,NA,NA
"1173",2023-03-20,NA,NA,NA
"1174",2023-03-21,NA,NA,NA
"1175",2023-03-22,NA,NA,NA
"1176",2023-03-23,NA,NA,NA
"1177",2023-03-24,NA,NA,NA
"1178",2023-03-25,NA,NA,NA
"1179",2023-03-26,NA,NA,NA
"1180",2023-03-27,NA,NA,NA
"1181",2023-03-28,NA,NA,NA
"1182",2023-03-29,NA,NA,NA
"1183",2023-03-30,NA,NA,NA
"1184",2023-03-31,NA,NA,NA
"1185",2023-04-01,NA,NA,NA
"1186",2023-04-02,NA,NA,NA
"1187",2023-04-03,NA,NA,NA
"1188",2023-04-04,NA,NA,NA
"1189",2023-04-05,NA,NA,NA
"1190",2023-04-06,NA,NA,NA
"1191",2023-04-07,NA,NA,NA
"1192",2023-04-08,NA,NA,NA
"1193",2023-04-09,NA,NA,NA
"1194",2023-04-10,NA,NA,NA
"1195",2023-04-11,NA,NA,NA
"1196",2023-04-12,NA,NA,NA
"1197",2023-04-13,NA,NA,NA
"1198",2023-04-14,NA,NA,NA
"1199",2023-04-15,NA,NA,NA
"1200",2023-04-16,NA,NA,NA
"1201",2023-04-17,NA,NA,NA
"1202",2023-04-18,NA,NA,NA
"1203",2023-04-19,NA,NA,NA
"1204",2023-04-20,NA,NA,NA
"1205",2023-04-21,NA,NA,NA
"1206",2023-04-22,NA,NA,NA
"1207",2023-04-23,NA,NA,NA
"1208",2023-04-24,NA,NA,NA
"1209",2023-04-25,NA,NA,NA
"1210",2023-04-26,NA,NA,NA
"1211",2023-04-27,NA,NA,NA
"1212",2023-04-28,NA,NA,NA
"1213",2023-04-29,NA,NA,NA
"1214",2023-04-30,NA,NA,NA
"1215",2023-05-01,NA,NA,NA
"1216",2023-05-02,NA,NA,NA
"1217",2023-05-03,NA,NA,NA
"1218",2023-05-04,NA,NA,NA
"1219",2023-05-05,NA,NA,NA
"1220",2023-05-06,NA,NA,NA
"1221",2023-05-07,NA,NA,NA
"1222",2023-05-08,NA,NA,NA
"1223",2023-05-09,NA,NA,NA
"1224",2023-05-10,NA,NA,NA
"1225",2023-05-11,NA,NA,NA
"1226",2023-05-12,NA,NA,NA
"1227",2023-05-13,NA,NA,NA
"1228",2023-05-14,NA,NA,NA
"1229",2023-05-15,NA,NA,NA
"1230",2023-05-16,NA,NA,NA
"1231",2023-05-17,NA,NA,NA
"1232",2023-05-18,NA,NA,NA
"1233",2023-05-19,NA,NA,NA
"1234",2023-05-20,NA,NA,NA
"1235",2023-05-21,NA,NA,NA
"1236",2023-05-22,NA,NA,NA
"1237",2023-05-23,NA,NA,NA
"1238",2023-05-24,NA,NA,NA
"1239",2023-05-25,NA,NA,NA
"1240",2023-05-26,NA,NA,NA
"1241",2023-05-27,NA,NA,NA
"1242",2023-05-28,NA,NA,NA
"1243",2023-05-29,NA,NA,NA
"1244",2023-05-30,NA,NA,NA
"1245",2023-05-31,NA,NA,NA
"1246",2023-06-01,NA,NA,NA
"1247",2023-06-02,NA,NA,NA
"1248",2023-06-03,NA,NA,NA
"1249",2023-06-04,NA,NA,NA
"1250",2023-06-05,NA,NA,NA
"1251",2023-06-06,NA,NA,NA
"1252",2023-06-07,NA,NA,NA
"1253",2023-06-08,NA,NA,NA
"1254",2023-06-09,NA,NA,NA
"1255",2023-06-10,NA,NA,NA
"1256",2023-06-11,NA,NA,NA
"1257",2023-06-12,NA,NA,NA
"1258",2023-06-13,NA,NA,NA
"1259",2023-06-14,NA,NA,NA
"1260",2023-06-15,NA,NA,NA
"1261",2023-06-16,NA,NA,NA
"1262",2023-06-17,NA,NA,NA
"1263",2023-06-18,NA,NA,NA
"1264",2023-06-19,NA,NA,NA
"1265",2023-06-20,NA,NA,NA
"1266",2023-06-21,NA,NA,NA
"1267",2023-06-22,NA,NA,NA
"1268",2023-06-23,NA,NA,NA
"1269",2023-06-24,NA,NA,NA
"1270",2023-06-25,NA,NA,NA
"1271",2023-06-26,NA,NA,NA
"1272",2023-06-27,NA,NA,NA
"1273",2023-06-28,NA,NA,NA
"1274",2023-06-29,NA,NA,NA
"1275",2023-06-30,NA,NA,NA
"1276",2023-07-01,NA,NA,NA
"1277",2023-07-02,NA,NA,NA
"1278",2023-07-03,NA,NA,NA
"1279",2023-07-04,NA,NA,NA
"1280",2023-07-05,NA,NA,NA
"1281",2023-07-06,NA,NA,NA
"1282",2023-07-07,NA,NA,NA
"1283",2023-07-08,NA,NA,NA
"1284",2023-07-09,NA,NA,NA
"1285",2023-07-10,NA,NA,NA
"1286",2023-07-11,NA,NA,NA
"1287",2023-07-12,NA,NA,NA
"1288",2023-07-13,NA,NA,NA
"1289",2023-07-14,NA,NA,NA
"1290",2023-07-15,NA,NA,NA
"1291",2023-07-16,NA,NA,NA
"1292",2023-07-17,NA,NA,NA
"1293",2023-07-18,NA,NA,NA
"1294",2023-07-19,NA,NA,NA
"1295",2023-07-20,NA,NA,NA
"1296",2023-07-21,NA,NA,NA
"1297",2023-07-22,NA,NA,NA
"1298",2023-07-23,NA,NA,NA
"1299",2023-07-24,NA,NA,NA
"1300",2023-07-25,NA,NA,NA
"1301",2023-07-26,NA,NA,NA
"1302",2023-07-27,NA,NA,NA
"1303",2023-07-28,NA,NA,NA
"1304",2023-07-29,NA,NA,NA
"1305",2023-07-30,NA,NA,NA
"1306",2023-07-31,NA,NA,NA
"1307",2023-08-01,NA,NA,NA
"1308",2023-08-02,NA,NA,NA
"1309",2023-08-03,NA,NA,NA
"1310",2023-08-04,NA,NA,NA
"1311",2023-08-05,NA,NA,NA
"1312",2023-08-06,NA,NA,NA
"1313",2023-08-07,NA,NA,NA
"1314",2023-08-08,NA,NA,NA
"1315",2023-08-09,NA,NA,NA
"1316",2023-08-10,NA,NA,NA
"1317",2023-08-11,NA,NA,NA
"1318",2023-08-12,NA,NA,NA
"1319",2023-08-13,NA,NA,NA
"1320",2023-08-14,NA,NA,NA
"1321",2023-08-15,NA,NA,NA
"1322",2023-08-16,NA,NA,NA
"1323",2023-08-17,NA,NA,NA
"1324",2023-08-18,NA,NA,NA
"1325",2023-08-19,NA,NA,NA
"1326",2023-08-20,NA,NA,NA
"1327",2023-08-21,NA,NA,NA
"1328",2023-08-22,NA,NA,NA
"1329",2023-08-23,NA,NA,NA
"1330",2023-08-24,NA,NA,NA
"1331",2023-08-25,NA,NA,NA
"1332",2023-08-26,NA,NA,NA
"1333",2023-08-27,NA,NA,NA
"1334",2023-08-28,NA,NA,NA
"1335",2023-08-29,NA,NA,NA
"1336",2023-08-30,NA,NA,NA
"1337",2023-08-31,NA,NA,NA
"1338",2023-09-01,NA,NA,NA
"1339",2023-09-02,NA,NA,NA
"1340",2023-09-03,NA,NA,NA
"1341",2023-09-04,NA,NA,NA
"1342",2023-09-05,NA,NA,NA
"1343",2023-09-06,NA,NA,NA
"1344",2023-09-07,NA,NA,NA
"1345",2023-09-08,NA,NA,NA
"1346",2023-09-09,NA,NA,NA
"1347",2023-09-10,NA,NA,NA
"1348",2023-09-11,NA,NA,NA
"1349",2023-09-12,NA,NA,NA
"1350",2023-09-13,NA,NA,NA
"1351",2023-09-14,NA,NA,NA
"1352",2023-09-15,NA,NA,NA
"1353",2023-09-16,NA,NA,NA
"1354",2023-09-17,NA,NA,NA
"1355",2023-09-18,NA,NA,NA
"1356",2023-09-19,NA,NA,NA
"1357",2023-09-20,NA,NA,NA
"1358",2023-09-21,NA,NA,NA
"1359",2023-09-22,NA,NA,NA
"1360",2023-09-23,NA,NA,NA
"1361",2023-09-24,NA,NA,NA
"1362",2023-09-25,NA,NA,NA
"1363",2023-09-26,NA,NA,NA
"1364",2023-09-27,NA,NA,NA
"1365",2023-09-28,NA,NA,NA
"1366",2023-09-29,NA,NA,NA
"1367",2023-09-30,NA,NA,NA
"1368",2023-10-01,NA,NA,NA
"1369",2023-10-02,NA,NA,NA
"1370",2023-10-03,NA,NA,NA
"1371",2023-10-04,NA,NA,NA
"1372",2023-10-05,NA,NA,NA
"1373",2023-10-06,NA,NA,NA
"1374",2023-10-07,NA,NA,NA
"1375",2023-10-08,NA,NA,NA
"1376",2023-10-09,NA,NA,NA
"1377",2023-10-10,NA,NA,NA
"1378",2023-10-11,NA,NA,NA
"1379",2023-10-12,NA,NA,NA
"1380",2023-10-13,NA,NA,NA
"1381",2023-10-14,NA,NA,NA
"1382",2023-10-15,NA,NA,NA
"1383",2023-10-16,NA,NA,NA
"1384",2023-10-17,NA,NA,NA
"1385",2023-10-18,NA,NA,NA
"1386",2023-10-19,NA,NA,NA
"1387",2023-10-20,NA,NA,NA
"1388",2023-10-21,NA,NA,NA
"1389",2023-10-22,NA,NA,NA
"1390",2023-10-23,NA,NA,NA
"1391",2023-10-24,NA,NA,NA
"1392",2023-10-25,NA,NA,NA
"1393",2023-10-26,NA,NA,NA
"1394",2023-10-27,NA,NA,NA
"1395",2023-10-28,NA,NA,NA
"1396",2023-10-29,NA,NA,NA
"1397",2023-10-30,NA,NA,NA
"1398",2023-10-31,NA,NA,NA
"1399",2023-11-01,NA,NA,NA
"1400",2023-11-02,NA,NA,NA
"1401",2023-11-03,NA,NA,NA
"1402",2023-11-04,NA,NA,NA
"1403",2023-11-05,NA,NA,NA
"1404",2023-11-06,NA,NA,NA
"1405",2023-11-07,NA,NA,NA
"1406",2023-11-08,NA,NA,NA
"1407",2023-11-09,NA,NA,NA
"1408",2023-11-10,NA,NA,NA
"1409",2023-11-11,NA,NA,NA
"1410",2023-11-12,NA,NA,NA
"1411",2023-11-13,NA,NA,NA
"1412",2023-11-14,NA,NA,NA
"1413",2023-11-15,NA,NA,NA
"1414",2023-11-16,NA,NA,NA
"1415",2023-11-17,NA,NA,NA
"1416",2023-11-18,NA,NA,NA
"1417",2023-11-19,NA,NA,NA
"1418",2023-11-20,NA,NA,NA
"1419",2023-11-21,NA,NA,NA
"1420",2023-11-22,NA,NA,NA
"1421",2023-11-23,NA,NA,NA
